transID,payCardID,payCardBank,payCardName,payCardSex,payCardBirthDate,corridorID,corridorName,direction,tapInStops,tapInStopsName,tapInStopsLat,tapInStopsLon,stopStartSeq,tapInTime,tapOutStops,tapOutStopsName,tapOutStopsLat,tapOutStopsLon,stopEndSeq,tapOutTime,payAmount,date,delay_minutes,route_name,hour,transDate,vehicle_id,distance_km,on_time,revenue_per_km,satisfaction_score
ELVU605Z3W26IF,2718070346782735,dki,Asman Uyainah,F,2005,2,Pulo Gadung - Monas,0.0,P00202,Rawa Selatan,-6.173925,106.85809,9,2023-04-03 06:35:17,P00161,Pecenongan,-6.16771,106.82819,18.0,2023-04-03 07:17:52,3500.0,2023-04-03,3.7752446094440097,Corridor 2,6,2023-04-03,1016,11.473563735697024,1,305.0490746053605,81.12377695277995
TSGM259F6P64OW,3539535695881465,dki,"Dr. Zulfa Tamba, S.E.I",M,1986,2,Pulo Gadung - Monas,1.0,P00037,Cempaka Tengah,-6.170398,106.86659,8,2023-04-03 16:56:05,P00192,Pulo Gadung 1,-6.183239,106.90907,15.0,2023-04-03 18:25:34,3500.0,2023-04-03,0.22094710642497883,Corridor 2,16,2023-04-03,1008,14.866888850036286,1,235.42249056307818,98.89526446787511
NANH684O0O94KO,2718070346782735,dki,Asman Uyainah,F,2005,2,Pulo Gadung - Monas,1.0,P00014,Bermis,-6.178203,106.89859,14,2023-04-03 17:10:38,P00192,Pulo Gadung 1,-6.183239,106.90907,15.0,2023-04-03 18:37:34,3500.0,2023-04-03,4.534890219673336,Corridor 2,17,2023-04-03,1020,14.545260971837362,1,240.62820232491703,77.32554890163331
XJLA055V1R38LG,3539535695881465,dki,"Dr. Zulfa Tamba, S.E.I",M,1986,2,Pulo Gadung - Monas,0.0,P00202,Rawa Selatan,-6.173925,106.85809,9,2023-04-04 06:31:51,P00137,Monas,-6.176248,106.82286,19.0,2023-04-04 07:29:46,3500.0,2023-04-04,3.3292131109230545,Corridor 2,6,2023-04-04,1048,14.582212569888082,1,240.01844598174463,83.35393444538472
QLMA752E3J45WT,2718070346782735,dki,Asman Uyainah,F,2005,2,Pulo Gadung - Monas,1.0,P00014,Bermis,-6.178203,106.89859,14,2023-04-04 16:46:40,P00192,Pulo Gadung 1,-6.183239,106.90907,15.0,2023-04-04 18:10:23,3500.0,2023-04-04,4.55570784292015,Corridor 2,16,2023-04-04,1030,14.239530648019773,1,245.7946182718269,77.22146078539924
NUTP782U4K34ZB,3539535695881465,dki,"Dr. Zulfa Tamba, S.E.I",M,1986,2,Pulo Gadung - Monas,0.0,P00202,Rawa Selatan,-6.173925,106.85809,9,2023-04-05 06:46:20,P00137,Monas,-6.176248,106.82286,19.0,2023-04-05 07:28:56,3500.0,2023-04-05,0.9411280376802877,Corridor 2,6,2023-04-05,1004,10.202451341891814,1,343.05480935045597,95.29435981159855
WWJJ974H4T50RT,2718070346782735,dki,Asman Uyainah,F,2005,2,Pulo Gadung - Monas,0.0,P00202,Rawa Selatan,-6.173925,106.85809,9,2023-04-05 06:15:01,P00161,Pecenongan,-6.16771,106.82819,18.0,2023-04-05 06:49:21,3500.0,2023-04-05,7.911249601143273,Corridor 2,6,2023-04-05,1021,9.196622429073603,0,380.57450188835935,60.44375199428364
FMPL138X1M29CE,3539535695881465,dki,"Dr. Zulfa Tamba, S.E.I",M,1986,2,Pulo Gadung - Monas,1.0,P00037,Cempaka Tengah,-6.170398,106.86659,8,2023-04-05 16:49:42,P00192,Pulo Gadung 1,-6.183239,106.90907,15.0,2023-04-05 18:18:54,3500.0,2023-04-05,0.0,Corridor 2,16,2023-04-05,1042,9.613881857181699,1,364.05689730683065,100.0
IAPJ230P8G02ON,2718070346782735,dki,Asman Uyainah,F,2005,2,Pulo Gadung - Monas,1.0,P00014,Bermis,-6.178203,106.89859,14,2023-04-05 16:00:44,P00192,Pulo Gadung 1,-6.183239,106.90907,15.0,2023-04-05 18:00:15,3500.0,2023-04-05,2.656149500839916,Corridor 2,16,2023-04-05,1028,10.447166790440008,1,335.01906021092526,86.71925249580042
AFPD604Z0T21VD,3539535695881465,dki,"Dr. Zulfa Tamba, S.E.I",M,1986,2,Pulo Gadung - Monas,0.0,P00202,Rawa Selatan,-6.173925,106.85809,9,2023-04-06 06:19:48,P00137,Monas,-6.176248,106.82286,19.0,2023-04-06 06:54:17,3500.0,2023-04-06,4.094495666414208,Corridor 2,6,2023-04-06,1045,8.691295399217967,1,402.7017652989825,79.52752166792897
RDRO237D3Q73AM,2718070346782735,dki,Asman Uyainah,F,2005,2,Pulo Gadung - Monas,0.0,P00202,Rawa Selatan,-6.173925,106.85809,9,2023-04-06 05:26:04,P00161,Pecenongan,-6.16771,106.82819,18.0,2023-04-06 06:02:22,3500.0,2023-04-06,1.8380329173094276,Corridor 2,5,2023-04-06,1011,10.069660478314054,1,347.5787498036874,90.80983541345286
NADK354X9G14BL,3539535695881465,dki,"Dr. Zulfa Tamba, S.E.I",M,1986,2,Pulo Gadung - Monas,1.0,P00037,Cempaka Tengah,-6.170398,106.86659,8,2023-04-06 16:53:26,P00192,Pulo Gadung 1,-6.183239,106.90907,15.0,2023-04-06 18:33:45,3500.0,2023-04-06,2.791007458579034,Corridor 2,16,2023-04-06,1017,10.164048540120511,1,344.3509725661446,86.04496270710483
SLBO053R5B97ES,2718070346782735,dki,Asman Uyainah,F,2005,2,Pulo Gadung - Monas,1.0,P00014,Bermis,-6.178203,106.89859,14,2023-04-06 16:52:38,P00192,Pulo Gadung 1,-6.183239,106.90907,15.0,2023-04-06 17:54:40,3500.0,2023-04-06,4.935917180864439,Corridor 2,16,2023-04-06,1032,11.62026325003596,1,301.1979956640973,75.3204140956778
SQFG517T8G31TR,2718070346782735,dki,Asman Uyainah,F,2005,2,Pulo Gadung - Monas,0.0,P00202,Rawa Selatan,-6.173925,106.85809,9,2023-04-07 06:48:05,P00161,Pecenongan,-6.16771,106.82819,18.0,2023-04-07 07:37:27,3500.0,2023-04-07,2.6237874148441556,Corridor 2,6,2023-04-07,1014,14.866284809174612,1,235.4320561543394,86.88106292577922
XIWR063X7I78MA,3539535695881465,dki,"Dr. Zulfa Tamba, S.E.I",M,1986,2,Pulo Gadung - Monas,1.0,P00037,Cempaka Tengah,-6.170398,106.86659,8,2023-04-07 16:21:34,P00192,Pulo Gadung 1,-6.183239,106.90907,15.0,2023-04-07 17:34:35,3500.0,2023-04-07,0.8129616160316746,Corridor 2,16,2023-04-07,1036,9.100107644476576,1,384.6108350294481,95.93519191984163
BAKW792E7J25SA,2718070346782735,dki,Asman Uyainah,F,2005,2,Pulo Gadung - Monas,1.0,P00014,Bermis,-6.178203,106.89859,14,2023-04-07 16:33:18,P00192,Pulo Gadung 1,-6.183239,106.90907,15.0,2023-04-07 17:49:22,3500.0,2023-04-07,6.376544582998473,Corridor 2,16,2023-04-07,1011,9.36171392465623,0,373.86316524605,68.11727708500763
WGYT085P7D93UC,3539535695881465,dki,"Dr. Zulfa Tamba, S.E.I",M,1986,2,Pulo Gadung - Monas,0.0,P00202,Rawa Selatan,-6.173925,106.85809,9,2023-04-10 05:10:45,P00137,Monas,-6.176248,106.82286,19.0,2023-04-10 05:48:30,3500.0,2023-04-10,1.8066417844554066,Corridor 2,5,2023-04-10,1008,13.022460325477194,1,268.7664168308185,90.96679107772297
FRMR983M5G15EI,2718070346782735,dki,Asman Uyainah,F,2005,2,Pulo Gadung - Monas,0.0,P00202,Rawa Selatan,-6.173925,106.85809,9,2023-04-10 06:13:31,P00161,Pecenongan,-6.16771,106.82819,18.0,2023-04-10 06:56:43,3500.0,2023-04-10,0.2155620439680943,Corridor 2,6,2023-04-10,1032,14.994126608706093,1,233.42473298630028,98.92218978015953
UHVA380E6C86TS,3539535695881465,dki,"Dr. Zulfa Tamba, S.E.I",M,1986,2,Pulo Gadung - Monas,1.0,P00037,Cempaka Tengah,-6.170398,106.86659,8,2023-04-10 16:33:07,P00192,Pulo Gadung 1,-6.183239,106.90907,15.0,2023-04-10 18:29:46,3500.0,2023-04-10,4.510922046423616,Corridor 2,16,2023-04-10,1047,8.622042210025239,1,405.9363100693698,77.44538976788192
VOSV949X7W94EY,2718070346782735,dki,Asman Uyainah,F,2005,2,Pulo Gadung - Monas,1.0,P00014,Bermis,-6.178203,106.89859,14,2023-04-10 17:24:41,P00192,Pulo Gadung 1,-6.183239,106.90907,15.0,2023-04-10 19:06:50,3500.0,2023-04-10,4.82300739351233,Corridor 2,17,2023-04-10,1030,9.016187182348915,1,388.19069848638316,75.88496303243835
UIMK862Z2D67FI,3539535695881465,dki,"Dr. Zulfa Tamba, S.E.I",M,1986,2,Pulo Gadung - Monas,0.0,P00202,Rawa Selatan,-6.173925,106.85809,9,2023-04-11 06:59:28,P00137,Monas,-6.176248,106.82286,19.0,2023-04-11 07:52:36,3500.0,2023-04-11,4.802678071207651,Corridor 2,6,2023-04-11,1026,9.53175031607639,1,367.1938399495052,75.98660964396174
YEJW600N3N46KN,2718070346782735,dki,Asman Uyainah,F,2005,2,Pulo Gadung - Monas,0.0,P00202,Rawa Selatan,-6.173925,106.85809,9,2023-04-11 05:01:41,P00161,Pecenongan,-6.16771,106.82819,18.0,2023-04-11 05:42:58,3500.0,2023-04-11,2.770396069429245,Corridor 2,5,2023-04-11,1025,12.38053573111357,1,282.7018213116689,86.14801965285378
UIHI726I5C90KP,3539535695881465,dki,"Dr. Zulfa Tamba, S.E.I",M,1986,2,Pulo Gadung - Monas,1.0,P00037,Cempaka Tengah,-6.170398,106.86659,8,2023-04-11 17:45:17,P00192,Pulo Gadung 1,-6.183239,106.90907,15.0,2023-04-11 19:20:36,3500.0,2023-04-11,0.09242736890028214,Corridor 2,17,2023-04-11,1044,13.51082659697141,1,259.05150768381264,99.53786315549858
RIKO977R8H04KT,2718070346782735,dki,Asman Uyainah,F,2005,2,Pulo Gadung - Monas,1.0,P00014,Bermis,-6.178203,106.89859,14,2023-04-11 16:41:13,P00192,Pulo Gadung 1,-6.183239,106.90907,15.0,2023-04-11 17:59:34,3500.0,2023-04-11,2.34279387691745,Corridor 2,16,2023-04-11,1034,12.027102938059762,1,291.00939918991224,88.28603061541276
HWGP887Y5K16AP,3539535695881465,dki,"Dr. Zulfa Tamba, S.E.I",M,1986,2,Pulo Gadung - Monas,0.0,P00202,Rawa Selatan,-6.173925,106.85809,9,2023-04-12 06:40:55,P00137,Monas,-6.176248,106.82286,19.0,2023-04-12 07:08:48,3500.0,2023-04-12,1.3947196026375936,Corridor 2,6,2023-04-12,1037,11.671130287501873,1,299.8852650756546,93.02640198681203
WCEL891N7W03NA,2718070346782735,dki,Asman Uyainah,F,2005,2,Pulo Gadung - Monas,0.0,P00202,Rawa Selatan,-6.173925,106.85809,9,2023-04-12 05:05:26,P00161,Pecenongan,-6.16771,106.82819,18.0,2023-04-12 05:30:15,3500.0,2023-04-12,2.2698611556171144,Corridor 2,5,2023-04-12,1030,13.879466547206777,1,252.1710750262495,88.65069422191442
JKEB933D9X77XO,3539535695881465,dki,"Dr. Zulfa Tamba, S.E.I",M,1986,2,Pulo Gadung - Monas,1.0,P00037,Cempaka Tengah,-6.170398,106.86659,8,2023-04-12 17:42:59,P00192,Pulo Gadung 1,-6.183239,106.90907,15.0,2023-04-12 18:54:47,3500.0,2023-04-12,1.985950365521226,Corridor 2,17,2023-04-12,1022,12.369595502084254,1,282.95185557282423,90.07024817239387
QUZT295D0G37AM,2718070346782735,dki,Asman Uyainah,F,2005,2,Pulo Gadung - Monas,1.0,P00014,Bermis,-6.178203,106.89859,14,2023-04-12 16:45:10,P00192,Pulo Gadung 1,-6.183239,106.90907,15.0,2023-04-12 18:41:26,3500.0,2023-04-12,0.7339093723759857,Corridor 2,16,2023-04-12,1008,8.200387502430626,1,426.8090988337547,96.33045313812008
XQNE214H4V38VG,3539535695881465,dki,"Dr. Zulfa Tamba, S.E.I",M,1986,2,Pulo Gadung - Monas,0.0,P00202,Rawa Selatan,-6.173925,106.85809,9,2023-04-13 06:48:20,P00137,Monas,-6.176248,106.82286,19.0,2023-04-13 07:40:52,3500.0,2023-04-13,0.0,Corridor 2,6,2023-04-13,1044,9.77126732759177,1,358.1930452477561,100.0
BJOC806J4S09LM,2718070346782735,dki,Asman Uyainah,F,2005,2,Pulo Gadung - Monas,0.0,P00202,Rawa Selatan,-6.173925,106.85809,9,2023-04-13 06:22:58,P00161,Pecenongan,-6.16771,106.82819,18.0,2023-04-13 07:15:06,3500.0,2023-04-13,2.685364097866478,Corridor 2,6,2023-04-13,1035,13.688455623453752,1,255.68991099354642,86.57317951066761
VCVL221Z6H42QI,2718070346782735,dki,Asman Uyainah,F,2005,2,Pulo Gadung - Monas,1.0,P00014,Bermis,-6.178203,106.89859,14,2023-04-13 17:58:50,P00192,Pulo Gadung 1,-6.183239,106.90907,15.0,2023-04-13 19:55:30,3500.0,2023-04-13,3.1276677120010907,Corridor 2,17,2023-04-13,1021,8.632377464092423,1,405.4502962316856,84.36166143999455
BPYR907J9Y27VX,3539535695881465,dki,"Dr. Zulfa Tamba, S.E.I",M,1986,2,Pulo Gadung - Monas,0.0,P00202,Rawa Selatan,-6.173925,106.85809,9,2023-04-14 05:05:19,P00137,Monas,-6.176248,106.82286,19.0,2023-04-14 06:01:46,3500.0,2023-04-14,6.755979339513927,Corridor 2,5,2023-04-14,1042,10.612055093464262,0,329.81359116346607,66.22010330243037
JYHB295P4B06UL,3539535695881465,dki,"Dr. Zulfa Tamba, S.E.I",M,1986,2,Pulo Gadung - Monas,1.0,P00037,Cempaka Tengah,-6.170398,106.86659,8,2023-04-14 17:27:48,P00192,Pulo Gadung 1,-6.183239,106.90907,15.0,2023-04-14 18:54:51,3500.0,2023-04-14,4.569260094595932,Corridor 2,17,2023-04-14,1026,12.370519965946714,1,282.93071023972476,77.15369952702034
MYMS452X0Z71MH,2718070346782735,dki,Asman Uyainah,F,2005,2,Pulo Gadung - Monas,1.0,P00014,Bermis,-6.178203,106.89859,14,2023-04-14 17:41:11,P00192,Pulo Gadung 1,-6.183239,106.90907,15.0,2023-04-14 19:27:11,3500.0,2023-04-14,4.009525266817727,Corridor 2,17,2023-04-14,1032,8.946871068103187,1,391.19821593025705,79.95237366591137
YEPV634O7X44SN,3539535695881465,dki,"Dr. Zulfa Tamba, S.E.I",M,1986,2,Pulo Gadung - Monas,0.0,P00202,Rawa Selatan,-6.173925,106.85809,9,2023-04-17 05:13:25,P00137,Monas,-6.176248,106.82286,19.0,2023-04-17 05:41:29,3500.0,2023-04-17,4.864647253683024,Corridor 2,5,2023-04-17,1047,12.222702319322721,1,286.3523882494375,75.67676373158488
HBBO155N1D46GC,2718070346782735,dki,Asman Uyainah,F,2005,2,Pulo Gadung - Monas,0.0,P00202,Rawa Selatan,-6.173925,106.85809,9,2023-04-17 06:30:16,P00161,Pecenongan,-6.16771,106.82819,18.0,2023-04-17 07:19:43,3500.0,2023-04-17,1.3635765651887033,Corridor 2,6,2023-04-17,1033,14.016837884155862,1,249.69968468824743,93.18211717405649
SKIV960I0R73CJ,3539535695881465,dki,"Dr. Zulfa Tamba, S.E.I",M,1986,2,Pulo Gadung - Monas,1.0,P00037,Cempaka Tengah,-6.170398,106.86659,8,2023-04-17 17:56:02,P00192,Pulo Gadung 1,-6.183239,106.90907,15.0,2023-04-17 19:33:40,3500.0,2023-04-17,4.040510866679471,Corridor 2,17,2023-04-17,1005,10.27824744646187,1,340.5249794024779,79.79744566660264
QFCZ422T7M16YP,2718070346782735,dki,Asman Uyainah,F,2005,2,Pulo Gadung - Monas,1.0,P00014,Bermis,-6.178203,106.89859,14,2023-04-17 17:16:48,P00192,Pulo Gadung 1,-6.183239,106.90907,15.0,2023-04-17 18:40:11,3500.0,2023-04-17,0.011252561240020942,Corridor 2,17,2023-04-17,1021,8.269335384083906,1,423.2504593702287,99.94373719379989
RIHX071Q5J49XB,2718070346782735,dki,Asman Uyainah,F,2005,2,Pulo Gadung - Monas,0.0,P00202,Rawa Selatan,-6.173925,106.85809,9,2023-04-18 06:59:25,P00161,Pecenongan,-6.16771,106.82819,18.0,2023-04-18 07:26:42,3500.0,2023-04-18,3.3428639175085744,Corridor 2,6,2023-04-18,1031,10.962302405237848,1,319.27599427723146,83.28568041245713
DVOM104T2U38UR,3539535695881465,dki,"Dr. Zulfa Tamba, S.E.I",M,1986,2,Pulo Gadung - Monas,1.0,P00037,Cempaka Tengah,-6.170398,106.86659,8,2023-04-18 16:48:00,P00192,Pulo Gadung 1,-6.183239,106.90907,15.0,2023-04-18 18:45:39,3500.0,2023-04-18,6.082288315085945,Corridor 2,16,2023-04-18,1024,10.713334130182382,0,326.69568198564315,69.58855842457027
LDCU482P0N16KY,2718070346782735,dki,Asman Uyainah,F,2005,2,Pulo Gadung - Monas,1.0,P00014,Bermis,-6.178203,106.89859,14,2023-04-18 16:56:17,P00192,Pulo Gadung 1,-6.183239,106.90907,15.0,2023-04-18 18:27:25,3500.0,2023-04-18,3.452695153177369,Corridor 2,16,2023-04-18,1012,12.514675666200853,1,279.6716505768234,82.73652423411315
EMWI267C0P07PW,3539535695881465,dki,"Dr. Zulfa Tamba, S.E.I",M,1986,2,Pulo Gadung - Monas,0.0,P00202,Rawa Selatan,-6.173925,106.85809,9,2023-04-19 05:56:34,P00137,Monas,-6.176248,106.82286,19.0,2023-04-19 06:21:07,3500.0,2023-04-19,3.9392306635677827,Corridor 2,5,2023-04-19,1004,8.902536127033354,1,393.1463967185636,80.3038466821611
ZVSX403V8G07AG,2718070346782735,dki,Asman Uyainah,F,2005,2,Pulo Gadung - Monas,0.0,P00202,Rawa Selatan,-6.173925,106.85809,9,2023-04-19 05:00:53,P00161,Pecenongan,-6.16771,106.82819,18.0,2023-04-19 05:25:23,3500.0,2023-04-19,2.672138065410429,Corridor 2,5,2023-04-19,1030,10.920651601472423,1,320.4936965050783,86.63930967294786
GLBD624I3C74SL,3539535695881465,dki,"Dr. Zulfa Tamba, S.E.I",M,1986,2,Pulo Gadung - Monas,1.0,P00037,Cempaka Tengah,-6.170398,106.86659,8,2023-04-19 17:49:53,P00192,Pulo Gadung 1,-6.183239,106.90907,15.0,2023-04-19 19:01:57,3500.0,2023-04-19,2.3813099694944793,Corridor 2,17,2023-04-19,1002,8.123531912761415,1,430.8470795199046,88.09345015252761
DXQQ372H8C94BW,2718070346782735,dki,Asman Uyainah,F,2005,2,Pulo Gadung - Monas,1.0,P00014,Bermis,-6.178203,106.89859,14,2023-04-19 17:06:56,P00192,Pulo Gadung 1,-6.183239,106.90907,15.0,2023-04-19 18:09:56,3500.0,2023-04-19,0.0,Corridor 2,17,2023-04-19,1002,13.480483335103472,1,259.63460752819776,100.0
THBB520H1T95SO,2718070346782735,dki,Asman Uyainah,F,2005,2,Pulo Gadung - Monas,0.0,P00202,Rawa Selatan,-6.173925,106.85809,9,2023-04-20 05:54:09,P00161,Pecenongan,-6.16771,106.82819,18.0,2023-04-20 06:39:11,3500.0,2023-04-20,0.7395753974094368,Corridor 2,5,2023-04-20,1014,11.664147288110621,1,300.0647980129318,96.30212301295282
OBOO285Q9Q58MY,3539535695881465,dki,"Dr. Zulfa Tamba, S.E.I",M,1986,2,Pulo Gadung - Monas,1.0,P00037,Cempaka Tengah,-6.170398,106.86659,8,2023-04-20 17:18:41,P00192,Pulo Gadung 1,-6.183239,106.90907,15.0,2023-04-20 18:08:42,3500.0,2023-04-20,4.545525814476047,Corridor 2,17,2023-04-20,1021,9.413974121538638,1,371.78772267837434,77.27237092761976
FWLK263L1L48XX,2718070346782735,dki,Asman Uyainah,F,2005,2,Pulo Gadung - Monas,1.0,P00014,Bermis,-6.178203,106.89859,14,2023-04-20 16:36:05,P00192,Pulo Gadung 1,-6.183239,106.90907,15.0,2023-04-20 18:35:56,3500.0,2023-04-20,4.2987360002667865,Corridor 2,16,2023-04-20,1001,12.38881519885707,1,282.5128911700041,78.50631999866607
HRYX783H5V02HY,3539535695881465,dki,"Dr. Zulfa Tamba, S.E.I",M,1986,2,Pulo Gadung - Monas,0.0,P00202,Rawa Selatan,-6.173925,106.85809,9,2023-04-21 05:40:38,P00137,Monas,-6.176248,106.82286,19.0,2023-04-21 06:28:32,3500.0,2023-04-21,9.066872552416786,Corridor 2,5,2023-04-21,1030,13.02841364829685,0,268.64360423938035,54.66563723791607
ZBFH148Y2M64KD,2718070346782735,dki,Asman Uyainah,F,2005,2,Pulo Gadung - Monas,0.0,P00202,Rawa Selatan,-6.173925,106.85809,9,2023-04-21 06:36:51,P00161,Pecenongan,-6.16771,106.82819,18.0,2023-04-21 07:30:20,3500.0,2023-04-21,2.3153390876820774,Corridor 2,6,2023-04-21,1036,8.055493807477491,1,434.4860890776347,88.42330456158962
WELF373H0P79VD,3539535695881465,dki,"Dr. Zulfa Tamba, S.E.I",M,1986,2,Pulo Gadung - Monas,1.0,P00037,Cempaka Tengah,-6.170398,106.86659,8,2023-04-21 16:40:35,P00192,Pulo Gadung 1,-6.183239,106.90907,15.0,2023-04-21 17:41:52,3500.0,2023-04-21,3.405479308191345,Corridor 2,16,2023-04-21,1046,14.940930667924803,1,234.2558223306532,82.97260345904327
EQUQ437Y9H40EU,2718070346782735,dki,Asman Uyainah,F,2005,2,Pulo Gadung - Monas,1.0,P00014,Bermis,-6.178203,106.89859,14,2023-04-21 17:14:35,P00192,Pulo Gadung 1,-6.183239,106.90907,15.0,2023-04-21 18:06:28,3500.0,2023-04-21,5.845101472867379,Corridor 2,17,2023-04-21,1001,8.095369614189865,0,432.3459170863638,70.77449263566311
JBBW134R1O01AF,2718070346782735,dki,Asman Uyainah,F,2005,2,Pulo Gadung - Monas,0.0,P00202,Rawa Selatan,-6.173925,106.85809,9,2023-04-24 06:42:52,P00161,Pecenongan,-6.16771,106.82819,18.0,2023-04-24 07:33:31,3500.0,2023-04-24,0.45652371813667747,Corridor 2,6,2023-04-24,1047,10.398611137476932,1,336.5834103927482,97.71738140931662
HPBA263G5S68EH,3539535695881465,dki,"Dr. Zulfa Tamba, S.E.I",M,1986,2,Pulo Gadung - Monas,1.0,P00037,Cempaka Tengah,-6.170398,106.86659,8,2023-04-24 17:38:19,P00192,Pulo Gadung 1,-6.183239,106.90907,15.0,2023-04-24 19:22:23,3500.0,2023-04-24,4.7344618434590435,Corridor 2,17,2023-04-24,1002,9.815069241396083,1,356.5945296889382,76.32769078270478
PPJK643B5O70IB,2718070346782735,dki,Asman Uyainah,F,2005,2,Pulo Gadung - Monas,1.0,P00014,Bermis,-6.178203,106.89859,14,2023-04-24 17:20:33,P00192,Pulo Gadung 1,-6.183239,106.90907,15.0,2023-04-24 18:12:43,3500.0,2023-04-24,5.087516181074966,Corridor 2,17,2023-04-24,1045,11.841400798464706,0,295.57313864874766,74.56241909462517
SMYR513X1D65CD,3539535695881465,dki,"Dr. Zulfa Tamba, S.E.I",M,1986,2,Pulo Gadung - Monas,0.0,P00202,Rawa Selatan,-6.173925,106.85809,9,2023-04-25 05:33:56,P00137,Monas,-6.176248,106.82286,19.0,2023-04-25 06:14:25,3500.0,2023-04-25,0.21611800214207477,Corridor 2,5,2023-04-25,1048,11.721950786397434,1,298.5851129883196,98.91940998928962
XTPM716B6B78VY,2718070346782735,dki,Asman Uyainah,F,2005,2,Pulo Gadung - Monas,0.0,P00202,Rawa Selatan,-6.173925,106.85809,9,2023-04-25 06:10:46,P00161,Pecenongan,-6.16771,106.82819,18.0,2023-04-25 06:58:25,3500.0,2023-04-25,1.8842117102544103,Corridor 2,6,2023-04-25,1013,9.380741023497485,1,373.10485293570883,90.57894144872795
WLHW497N0A88RN,2718070346782735,dki,Asman Uyainah,F,2005,2,Pulo Gadung - Monas,1.0,P00014,Bermis,-6.178203,106.89859,14,2023-04-25 16:19:20,P00192,Pulo Gadung 1,-6.183239,106.90907,15.0,2023-04-25 17:47:32,3500.0,2023-04-25,2.5612103355848093,Corridor 2,16,2023-04-25,1047,10.690142702806444,1,327.4044226819496,87.19394832207595
IEHQ557R6S32HW,3539535695881465,dki,"Dr. Zulfa Tamba, S.E.I",M,1986,2,Pulo Gadung - Monas,0.0,P00202,Rawa Selatan,-6.173925,106.85809,9,2023-04-26 05:44:07,P00137,Monas,-6.176248,106.82286,19.0,2023-04-26 06:06:41,3500.0,2023-04-26,2.236775802110941,Corridor 2,5,2023-04-26,1008,14.894129672419442,1,234.9919113757421,88.8161209894453
WZPE558O4A21FM,2718070346782735,dki,Asman Uyainah,F,2005,2,Pulo Gadung - Monas,0.0,P00202,Rawa Selatan,-6.173925,106.85809,9,2023-04-26 06:11:20,P00161,Pecenongan,-6.16771,106.82819,18.0,2023-04-26 06:45:43,3500.0,2023-04-26,3.3503652683682494,Corridor 2,6,2023-04-26,1036,9.195719283845778,1,380.6118795022907,83.24817365815875
MBCU021K0C01OI,3539535695881465,dki,"Dr. Zulfa Tamba, S.E.I",M,1986,2,Pulo Gadung - Monas,1.0,P00037,Cempaka Tengah,-6.170398,106.86659,8,2023-04-26 16:32:40,P00192,Pulo Gadung 1,-6.183239,106.90907,15.0,2023-04-26 17:37:27,3500.0,2023-04-26,3.6741761881421584,Corridor 2,16,2023-04-26,1014,10.528455095674275,1,332.4324383962098,81.62911905928921
ODSU197J8N46HH,2718070346782735,dki,Asman Uyainah,F,2005,2,Pulo Gadung - Monas,1.0,P00014,Bermis,-6.178203,106.89859,14,2023-04-26 16:37:40,P00192,Pulo Gadung 1,-6.183239,106.90907,15.0,2023-04-26 18:24:15,3500.0,2023-04-26,0.0,Corridor 2,16,2023-04-26,1018,11.5062677939783,1,304.1820390997412,100.0
YTXD596J3E29MA,3539535695881465,dki,"Dr. Zulfa Tamba, S.E.I",M,1986,2,Pulo Gadung - Monas,0.0,P00202,Rawa Selatan,-6.173925,106.85809,9,2023-04-27 05:46:09,P00137,Monas,-6.176248,106.82286,19.0,2023-04-27 06:09:13,3500.0,2023-04-27,3.1977440140057873,Corridor 2,5,2023-04-27,1025,12.125704083775751,1,288.64303266999696,84.01127992997107
DRAY570O3Z00CA,3539535695881465,dki,"Dr. Zulfa Tamba, S.E.I",M,1986,2,Pulo Gadung - Monas,1.0,P00037,Cempaka Tengah,-6.170398,106.86659,8,2023-04-27 16:25:10,P00192,Pulo Gadung 1,-6.183239,106.90907,15.0,2023-04-27 17:31:54,3500.0,2023-04-27,1.5760037353571026,Corridor 2,16,2023-04-27,1001,11.735833710769953,1,298.23190122300866,92.11998132321449
ECKZ337V9V88DL,2718070346782735,dki,Asman Uyainah,F,2005,2,Pulo Gadung - Monas,1.0,P00014,Bermis,-6.178203,106.89859,14,2023-04-27 16:06:50,P00192,Pulo Gadung 1,-6.183239,106.90907,15.0,2023-04-27 17:08:13,3500.0,2023-04-27,3.604923415176686,Corridor 2,16,2023-04-27,1041,11.17717208693754,1,313.1382404043287,81.97538292411657
HRVC039V9J11IN,3539535695881465,dki,"Dr. Zulfa Tamba, S.E.I",M,1986,2,Pulo Gadung - Monas,0.0,P00202,Rawa Selatan,-6.173925,106.85809,9,2023-04-28 06:37:54,P00137,Monas,-6.176248,106.82286,19.0,2023-04-28 07:07:28,3500.0,2023-04-28,1.6424768860793775,Corridor 2,6,2023-04-28,1017,12.14593177565494,1,288.1623299593473,91.7876155696031
IMXY552O4Z86JZ,2718070346782735,dki,Asman Uyainah,F,2005,2,Pulo Gadung - Monas,0.0,P00202,Rawa Selatan,-6.173925,106.85809,9,2023-04-28 05:55:02,P00161,Pecenongan,-6.16771,106.82819,18.0,2023-04-28 06:39:05,3500.0,2023-04-28,0.0,Corridor 2,5,2023-04-28,1019,13.855280119330745,1,252.61127670142417,100.0
BMMX912C9U52NM,3539535695881465,dki,"Dr. Zulfa Tamba, S.E.I",M,1986,2,Pulo Gadung - Monas,1.0,P00037,Cempaka Tengah,-6.170398,106.86659,8,2023-04-28 17:27:24,P00192,Pulo Gadung 1,-6.183239,106.90907,15.0,2023-04-28 19:26:01,3500.0,2023-04-28,1.0462556259167468,Corridor 2,17,2023-04-28,1028,9.700842630820011,1,360.7934004496005,94.76872187041627
ZBIC484E9L37FA,2718070346782735,dki,Asman Uyainah,F,2005,2,Pulo Gadung - Monas,1.0,P00014,Bermis,-6.178203,106.89859,14,2023-04-28 17:52:16,P00192,Pulo Gadung 1,-6.183239,106.90907,15.0,2023-04-28 19:28:25,3500.0,2023-04-28,3.3094436742431568,Corridor 2,17,2023-04-28,1037,13.876785853394521,1,252.2197890042264,83.45278162878421
IGPD531G8P70WJ,6507536585974874,dki,Calista Lazuardi,F,1989,2,Pulo Gadung - Monas,1.0,P00014,Bermis,-6.178203,106.89859,14,2023-04-03 06:54:59,P00192,Pulo Gadung 1,-6.183239,106.90907,15.0,2023-04-03 08:05:12,3500.0,2023-04-03,5.1227810751012495,Corridor 2,6,2023-04-03,1008,10.877600025715164,0,321.7621526555337,74.38609462449375
AJER317I9K86CM,348056817539268,emoney,Ibrahim Padmasari,F,2009,2,Pulo Gadung - Monas,0.0,P00014,Bermis,-6.178203,106.89859,1,2023-04-03 07:19:13,P00137,Monas,-6.176248,106.82286,19.0,2023-04-03 08:26:04,3500.0,2023-04-03,6.007144595590158,Corridor 2,7,2023-04-03,1044,12.182276719607842,0,287.3026184314641,69.9642770220492
GNIB892U6Z77HZ,213109439786494,emoney,Muni Saragih,M,2006,2,Pulo Gadung - Monas,0.0,P00062,Gambir 1,-6.174612,106.8304,15,2023-04-03 07:46:32,P00082,Istiqlal,-6.172252,106.83093,16.0,2023-04-03 08:20:42,3500.0,2023-04-03,5.953144946753761,Corridor 2,7,2023-04-03,1019,11.666518083904622,0,300.00382074825524,70.2342752662312
PFOW966G6T23WM,3544454385390261,dki,Jarwa Novitasari,M,1996,2,Pulo Gadung - Monas,1.0,P00137,Monas,-6.176248,106.82286,0,2023-04-03 07:13:48,P00202,Rawa Selatan,-6.173925,106.85809,6.0,2023-04-03 08:11:04,3500.0,2023-04-03,0.9624789829255511,Corridor 2,7,2023-04-03,1001,9.734076561597004,1,359.56158530828105,95.18760508537224
YIQE169X9N38MN,4348362451721640908,brizzi,Ian Nainggolan,M,1983,2,Pulo Gadung - Monas,0.0,P00210,RSPAD,-6.175485,106.83674,13,2023-04-03 06:12:17,P00082,Istiqlal,-6.172252,106.83093,16.0,2023-04-03 07:35:08,3500.0,2023-04-03,3.7499146911822594,Corridor 2,6,2023-04-03,1008,9.454452728569787,1,370.19593840937836,81.2504265440887
CUPV622I8S39VO,6507536585974874,dki,Calista Lazuardi,F,1989,2,Pulo Gadung - Monas,0.0,P00202,Rawa Selatan,-6.173925,106.85809,9,2023-04-03 17:19:03,P00006,Atrium,-6.176251,106.84023,12.0,2023-04-03 19:00:21,3500.0,2023-04-03,5.977994486075186,Corridor 2,17,2023-04-03,1018,9.413267492949522,0,371.8156317794515,70.11002756962407
IXVC772L9U73TJ,348056817539268,emoney,Ibrahim Padmasari,F,2009,2,Pulo Gadung - Monas,1.0,P00122,Kwitang,-6.181051,106.83866,3,2023-04-03 17:39:15,P00207,RS Islam,-6.168676,106.87027,9.0,2023-04-03 19:36:27,3500.0,2023-04-03,4.404028676663861,Corridor 2,17,2023-04-03,1039,10.902851640824828,1,321.01693348688144,77.97985661668069
WGRK862B7T35DP,213109439786494,emoney,Muni Saragih,M,2006,2,Pulo Gadung - Monas,1.0,P00150,Pasar Cempaka Putih,-6.172325,106.86246,7,2023-04-03 18:42:00,P00005,ASMI,-6.171797,106.8888,12.0,2023-04-03 19:49:11,3500.0,2023-04-03,3.2606883458572424,Corridor 2,18,2023-04-03,1023,13.726136897566068,1,254.98798577629103,83.69655827071378
TPWL342B2R24IE,3544454385390261,dki,Jarwa Novitasari,M,1996,2,Pulo Gadung - Monas,0.0,P00038,Cempaka Timur,-6.166584,106.87591,5,2023-04-03 21:48:54,P00137,Monas,-6.176248,106.82286,19.0,2023-04-03 23:27:45,3500.0,2023-04-03,2.918126600136152,Corridor 2,21,2023-04-03,1033,11.917081533440282,1,293.6960689728203,85.40936699931925
XLJL644K0T27OK,4348362451721640908,brizzi,Ian Nainggolan,M,1983,2,Pulo Gadung - Monas,1.0,P00063,Gambir 2,-6.178929,106.83106,2,2023-04-03 21:21:18,P00195,Pulo Mas,-6.174736,106.89277,13.0,2023-04-03 22:47:00,3500.0,2023-04-03,2.867876484131005,Corridor 2,21,2023-04-03,1033,11.03831619226732,1,317.07734576871945,85.66061757934497
LFIQ748T1C37TE,6507536585974874,dki,Calista Lazuardi,F,1989,2,Pulo Gadung - Monas,1.0,P00014,Bermis,-6.178203,106.89859,14,2023-04-04 09:45:13,P00192,Pulo Gadung 1,-6.183239,106.90907,15.0,2023-04-04 11:17:13,3500.0,2023-04-04,1.4767859435266766,Corridor 2,9,2023-04-04,1032,13.320947912029052,1,262.74406469523376,92.61607028236662
QCNC915L5J94RB,348056817539268,emoney,Ibrahim Padmasari,F,2009,2,Pulo Gadung - Monas,0.0,P00014,Bermis,-6.178203,106.89859,1,2023-04-04 09:43:31,P00137,Monas,-6.176248,106.82286,19.0,2023-04-04 11:34:10,3500.0,2023-04-04,6.996132131840138,Corridor 2,9,2023-04-04,1014,11.787692453298622,0,296.91986059753145,65.0193393407993
OEYM081E3C71YM,213109439786494,emoney,Muni Saragih,M,2006,2,Pulo Gadung - Monas,0.0,P00062,Gambir 1,-6.174612,106.8304,15,2023-04-04 09:09:36,P00082,Istiqlal,-6.172252,106.83093,16.0,2023-04-04 10:15:45,3500.0,2023-04-04,4.161130269158142,Corridor 2,9,2023-04-04,1014,9.455728089443372,1,370.14600746689126,79.19434865420929
HKKI320W4S99JG,3544454385390261,dki,Jarwa Novitasari,M,1996,2,Pulo Gadung - Monas,1.0,P00137,Monas,-6.176248,106.82286,0,2023-04-04 08:50:50,P00202,Rawa Selatan,-6.173925,106.85809,6.0,2023-04-04 09:48:12,3500.0,2023-04-04,4.517270128652874,Corridor 2,8,2023-04-04,1003,9.50681347968259,1,368.15700733794733,77.41364935673563
FXDQ000V9Q98TP,4348362451721640908,brizzi,Ian Nainggolan,M,1983,2,Pulo Gadung - Monas,0.0,P00210,RSPAD,-6.175485,106.83674,13,2023-04-04 06:03:11,P00082,Istiqlal,-6.172252,106.83093,16.0,2023-04-04 06:38:33,3500.0,2023-04-04,3.732713388333715,Corridor 2,6,2023-04-04,1032,10.59681481182147,1,330.2879272831597,81.33643305833142
AORE579O1X95QD,6507536585974874,dki,Calista Lazuardi,F,1989,2,Pulo Gadung - Monas,0.0,P00202,Rawa Selatan,-6.173925,106.85809,9,2023-04-04 21:10:21,P00006,Atrium,-6.176251,106.84023,12.0,2023-04-04 22:38:19,3500.0,2023-04-04,0.3493091181578736,Corridor 2,21,2023-04-04,1018,9.15011360617718,1,382.50891198084946,98.25345440921063
WQKZ048W4R06YL,348056817539268,emoney,Ibrahim Padmasari,F,2009,2,Pulo Gadung - Monas,1.0,P00122,Kwitang,-6.181051,106.83866,3,2023-04-04 20:41:35,P00207,RS Islam,-6.168676,106.87027,9.0,2023-04-04 22:20:02,3500.0,2023-04-04,6.346416299869831,Corridor 2,20,2023-04-04,1035,14.399062035147164,0,243.07138836243152,68.26791850065085
CBPQ171M3X57AI,3544454385390261,dki,Jarwa Novitasari,M,1996,2,Pulo Gadung - Monas,0.0,P00038,Cempaka Timur,-6.166584,106.87591,5,2023-04-04 20:30:07,P00137,Monas,-6.176248,106.82286,19.0,2023-04-04 22:00:52,3500.0,2023-04-04,1.459667913338349,Corridor 2,20,2023-04-04,1031,13.707480293317548,1,255.3350378848448,92.70166043330826
YMMU317X4H78OR,4348362451721640908,brizzi,Ian Nainggolan,M,1983,2,Pulo Gadung - Monas,1.0,P00063,Gambir 2,-6.178929,106.83106,2,2023-04-04 19:55:21,P00195,Pulo Mas,-6.174736,106.89277,13.0,2023-04-04 21:43:25,3500.0,2023-04-04,2.121370736904186,Corridor 2,19,2023-04-04,1033,13.366316188554347,1,261.85225238028335,89.39314631547907
IIKT120J4H89LD,6507536585974874,dki,Calista Lazuardi,F,1989,2,Pulo Gadung - Monas,1.0,P00014,Bermis,-6.178203,106.89859,14,2023-04-05 07:35:43,P00192,Pulo Gadung 1,-6.183239,106.90907,15.0,2023-04-05 09:34:53,3500.0,2023-04-05,4.033675645041,Corridor 2,7,2023-04-05,1035,10.467073113388082,1,334.38191957628226,79.831621774795
SONF237L9A79TG,348056817539268,emoney,Ibrahim Padmasari,F,2009,2,Pulo Gadung - Monas,0.0,P00014,Bermis,-6.178203,106.89859,1,2023-04-05 09:17:27,P00137,Monas,-6.176248,106.82286,19.0,2023-04-05 10:42:25,3500.0,2023-04-05,0.7565095076798323,Corridor 2,9,2023-04-05,1033,14.525062132611094,1,240.9628246712927,96.21745246160084
KEID416O6L22BZ,213109439786494,emoney,Muni Saragih,M,2006,2,Pulo Gadung - Monas,0.0,P00062,Gambir 1,-6.174612,106.8304,15,2023-04-05 06:30:33,P00082,Istiqlal,-6.172252,106.83093,16.0,2023-04-05 07:59:59,3500.0,2023-04-05,3.8745443216886315,Corridor 2,6,2023-04-05,1041,14.799138041800934,1,236.5002603607094,80.62727839155684
JBZD338T5R12UO,3544454385390261,dki,Jarwa Novitasari,M,1996,2,Pulo Gadung - Monas,1.0,P00137,Monas,-6.176248,106.82286,0,2023-04-05 09:12:26,P00202,Rawa Selatan,-6.173925,106.85809,6.0,2023-04-05 11:02:26,3500.0,2023-04-05,2.8126757882274522,Corridor 2,9,2023-04-05,1028,10.57049663947392,1,331.1102703471642,85.93662105886274
YVTD231I0F58RJ,4348362451721640908,brizzi,Ian Nainggolan,M,1983,2,Pulo Gadung - Monas,0.0,P00210,RSPAD,-6.175485,106.83674,13,2023-04-05 07:52:16,P00082,Istiqlal,-6.172252,106.83093,16.0,2023-04-05 08:24:26,3500.0,2023-04-05,0.9333274431979439,Corridor 2,7,2023-04-05,1035,11.92316436889874,1,293.54623418005184,95.33336278401028
MSJR397X7X61EE,348056817539268,emoney,Ibrahim Padmasari,F,2009,2,Pulo Gadung - Monas,1.0,P00122,Kwitang,-6.181051,106.83866,3,2023-04-05 19:59:09,P00207,RS Islam,-6.168676,106.87027,9.0,2023-04-05 21:04:53,3500.0,2023-04-05,5.353952971142158,Corridor 2,19,2023-04-05,1037,12.863926322072892,0,272.07867274507294,73.23023514428921
UBSM136V8N22GW,213109439786494,emoney,Muni Saragih,M,2006,2,Pulo Gadung - Monas,1.0,P00150,Pasar Cempaka Putih,-6.172325,106.86246,7,2023-04-05 19:16:30,P00005,ASMI,-6.171797,106.8888,12.0,2023-04-05 20:18:00,3500.0,2023-04-05,0.0,Corridor 2,19,2023-04-05,1040,10.699588530901401,1,327.11538297867025,100.0
ZNTL688X1J30JN,3544454385390261,dki,Jarwa Novitasari,M,1996,2,Pulo Gadung - Monas,0.0,P00038,Cempaka Timur,-6.166584,106.87591,5,2023-04-05 18:11:53,P00137,Monas,-6.176248,106.82286,19.0,2023-04-05 19:32:51,3500.0,2023-04-05,4.63106028906153,Corridor 2,18,2023-04-05,1037,13.3449353264734,1,262.2717843417925,76.84469855469234
SJQK413F4S50TM,4348362451721640908,brizzi,Ian Nainggolan,M,1983,2,Pulo Gadung - Monas,1.0,P00063,Gambir 2,-6.178929,106.83106,2,2023-04-05 17:33:37,P00195,Pulo Mas,-6.174736,106.89277,13.0,2023-04-05 18:49:59,3500.0,2023-04-05,3.9080763293935536,Corridor 2,17,2023-04-05,1004,9.458872944217523,1,370.02294254725655,80.45961835303223
DMJX352A9Z85OX,6507536585974874,dki,Calista Lazuardi,F,1989,2,Pulo Gadung - Monas,1.0,P00014,Bermis,-6.178203,106.89859,14,2023-04-06 07:38:07,P00192,Pulo Gadung 1,-6.183239,106.90907,15.0,2023-04-06 08:38:13,3500.0,2023-04-06,3.624689776647016,Corridor 2,7,2023-04-06,1038,14.063612079380796,1,248.8692080131736,81.87655111676492
KBIV378F2K17BX,348056817539268,emoney,Ibrahim Padmasari,F,2009,2,Pulo Gadung - Monas,0.0,P00014,Bermis,-6.178203,106.89859,1,2023-04-06 09:22:40,P00137,Monas,-6.176248,106.82286,19.0,2023-04-06 10:08:25,3500.0,2023-04-06,0.6850051833352313,Corridor 2,9,2023-04-06,1048,11.113716796687907,1,314.9261461334938,96.57497408332384
KPAD680S3R15MI,213109439786494,emoney,Muni Saragih,M,2006,2,Pulo Gadung - Monas,0.0,P00062,Gambir 1,-6.174612,106.8304,15,2023-04-06 07:31:19,P00082,Istiqlal,-6.172252,106.83093,16.0,2023-04-06 09:25:54,3500.0,2023-04-06,0.0,Corridor 2,7,2023-04-06,1016,8.449694943131862,1,414.2161372162783,100.0
GXOF945M0R97JF,3544454385390261,dki,Jarwa Novitasari,M,1996,2,Pulo Gadung - Monas,1.0,P00137,Monas,-6.176248,106.82286,0,2023-04-06 08:50:20,P00202,Rawa Selatan,-6.173925,106.85809,6.0,2023-04-06 09:25:10,3500.0,2023-04-06,6.128526376974213,Corridor 2,8,2023-04-06,1031,11.376029111970578,0,307.66447286224667,69.35736811512893
XGVM325F3L45PD,4348362451721640908,brizzi,Ian Nainggolan,M,1983,2,Pulo Gadung - Monas,0.0,P00210,RSPAD,-6.175485,106.83674,13,2023-04-06 07:57:50,P00082,Istiqlal,-6.172252,106.83093,16.0,2023-04-06 09:51:47,3500.0,2023-04-06,2.011583376994145,Corridor 2,7,2023-04-06,1041,13.540245219535949,1,258.4886716047194,89.94208311502928
KQWU717H1N71AY,6507536585974874,dki,Calista Lazuardi,F,1989,2,Pulo Gadung - Monas,0.0,P00202,Rawa Selatan,-6.173925,106.85809,9,2023-04-06 17:56:00,P00006,Atrium,-6.176251,106.84023,12.0,2023-04-06 19:43:45,3500.0,2023-04-06,6.811859984638312,Corridor 2,17,2023-04-06,1011,14.895178066554433,0,234.9753715169666,65.94070007680844
GLHU333H7L09YY,348056817539268,emoney,Ibrahim Padmasari,F,2009,2,Pulo Gadung - Monas,1.0,P00122,Kwitang,-6.181051,106.83866,3,2023-04-06 20:42:25,P00207,RS Islam,-6.168676,106.87027,9.0,2023-04-06 21:50:32,3500.0,2023-04-06,1.8396556040876166,Corridor 2,20,2023-04-06,1016,10.362073068676773,1,337.77024894565295,90.80172197956192
TQWQ482L6H93VO,213109439786494,emoney,Muni Saragih,M,2006,2,Pulo Gadung - Monas,1.0,P00150,Pasar Cempaka Putih,-6.172325,106.86246,7,2023-04-06 17:10:14,P00005,ASMI,-6.171797,106.8888,12.0,2023-04-06 18:16:18,3500.0,2023-04-06,2.8516740513238994,Corridor 2,17,2023-04-06,1023,12.321527957630828,1,284.05567978542956,85.7416297433805
OICI410N7V36YN,3544454385390261,dki,Jarwa Novitasari,M,1996,2,Pulo Gadung - Monas,0.0,P00038,Cempaka Timur,-6.166584,106.87591,5,2023-04-06 19:38:05,P00137,Monas,-6.176248,106.82286,19.0,2023-04-06 21:37:49,3500.0,2023-04-06,0.6011513994123585,Corridor 2,19,2023-04-06,1022,11.972947295295999,1,292.32568336579084,96.9942430029382
SNLG095O6A06SQ,6507536585974874,dki,Calista Lazuardi,F,1989,2,Pulo Gadung - Monas,1.0,P00014,Bermis,-6.178203,106.89859,14,2023-04-07 07:23:25,P00192,Pulo Gadung 1,-6.183239,106.90907,15.0,2023-04-07 08:42:42,3500.0,2023-04-07,2.38038085578461,Corridor 2,7,2023-04-07,1012,8.568935750158486,1,408.4521231163702,88.09809572107694
NMOM310L8E34SL,348056817539268,emoney,Ibrahim Padmasari,F,2009,2,Pulo Gadung - Monas,0.0,P00014,Bermis,-6.178203,106.89859,1,2023-04-07 06:37:17,P00137,Monas,-6.176248,106.82286,19.0,2023-04-07 07:29:49,3500.0,2023-04-07,1.1588543246260474,Corridor 2,6,2023-04-07,1032,9.529772674511326,1,367.27004090677065,94.20572837686976
NRYP518O0I72SW,213109439786494,emoney,Muni Saragih,M,2006,2,Pulo Gadung - Monas,0.0,P00062,Gambir 1,-6.174612,106.8304,15,2023-04-07 09:22:15,P00082,Istiqlal,-6.172252,106.83093,16.0,2023-04-07 11:04:28,3500.0,2023-04-07,1.8678850703640169,Corridor 2,9,2023-04-07,1047,9.114095592297687,1,384.02054976884887,90.66057464817992
UFOY896T3K98CD,3544454385390261,dki,Jarwa Novitasari,M,1996,2,Pulo Gadung - Monas,1.0,P00137,Monas,-6.176248,106.82286,0,2023-04-07 07:23:35,P00202,Rawa Selatan,-6.173925,106.85809,6.0,2023-04-07 07:59:46,3500.0,2023-04-07,4.924877607522889,Corridor 2,7,2023-04-07,1021,14.262679441985734,1,245.395685588844,75.37561196238556
PSNQ822W4H19PZ,4348362451721640908,brizzi,Ian Nainggolan,M,1983,2,Pulo Gadung - Monas,0.0,P00210,RSPAD,-6.175485,106.83674,13,2023-04-07 07:07:48,P00082,Istiqlal,-6.172252,106.83093,16.0,2023-04-07 07:59:10,3500.0,2023-04-07,0.7943963094382016,Corridor 2,7,2023-04-07,1047,13.965508881249303,1,250.61743397687798,96.028018452809
NBHV879I4C03DW,6507536585974874,dki,Calista Lazuardi,F,1989,2,Pulo Gadung - Monas,0.0,P00202,Rawa Selatan,-6.173925,106.85809,9,2023-04-07 19:03:44,P00006,Atrium,-6.176251,106.84023,12.0,2023-04-07 20:08:42,3500.0,2023-04-07,5.656156594515509,Corridor 2,19,2023-04-07,1005,8.699568586478991,0,402.31880066326005,71.71921702742246
DRSG268I3V66FZ,348056817539268,emoney,Ibrahim Padmasari,F,2009,2,Pulo Gadung - Monas,1.0,P00122,Kwitang,-6.181051,106.83866,3,2023-04-07 21:11:58,P00207,RS Islam,-6.168676,106.87027,9.0,2023-04-07 23:04:50,3500.0,2023-04-07,1.5076526055912876,Corridor 2,21,2023-04-07,1027,12.62030759208199,1,277.3307999399245,92.46173697204357
VITE272U6C01JI,213109439786494,emoney,Muni Saragih,M,2006,2,Pulo Gadung - Monas,1.0,P00150,Pasar Cempaka Putih,-6.172325,106.86246,7,2023-04-07 21:48:31,P00005,ASMI,-6.171797,106.8888,12.0,2023-04-07 23:20:00,3500.0,2023-04-07,1.5806452842415655,Corridor 2,21,2023-04-07,1027,14.115874324099195,1,247.9478011521155,92.09677357879217
ANYO790V4D95KC,4348362451721640908,brizzi,Ian Nainggolan,M,1983,2,Pulo Gadung - Monas,1.0,P00063,Gambir 2,-6.178929,106.83106,2,2023-04-07 17:21:20,P00195,Pulo Mas,-6.174736,106.89277,13.0,2023-04-07 19:16:49,3500.0,2023-04-07,3.328937707123759,Corridor 2,17,2023-04-07,1026,10.808610394178869,1,323.8159090168497,83.3553114643812
WKTI924I8R02VZ,6507536585974874,dki,Calista Lazuardi,F,1989,2,Pulo Gadung - Monas,1.0,P00014,Bermis,-6.178203,106.89859,14,2023-04-10 08:29:32,P00192,Pulo Gadung 1,-6.183239,106.90907,15.0,2023-04-10 09:58:49,3500.0,2023-04-10,4.1013008899523555,Corridor 2,8,2023-04-10,1043,11.561734918620958,1,302.7227336239142,79.49349555023822
LVYA520K4X93CQ,348056817539268,emoney,Ibrahim Padmasari,F,2009,2,Pulo Gadung - Monas,0.0,P00014,Bermis,-6.178203,106.89859,1,2023-04-10 08:49:24,P00137,Monas,-6.176248,106.82286,19.0,2023-04-10 10:48:17,3500.0,2023-04-10,4.611317122796842,Corridor 2,8,2023-04-10,1025,14.601974931015155,1,239.6936042237592,76.94341438601579
AVHR141S4U38OB,213109439786494,emoney,Muni Saragih,M,2006,2,Pulo Gadung - Monas,0.0,P00062,Gambir 1,-6.174612,106.8304,15,2023-04-10 06:19:23,P00082,Istiqlal,-6.172252,106.83093,16.0,2023-04-10 07:21:41,3500.0,2023-04-10,3.666607085205265,Corridor 2,6,2023-04-10,1037,9.688954116765006,1,361.2361001838036,81.66696457397367
OKFG603O4S66TB,4348362451721640908,brizzi,Ian Nainggolan,M,1983,2,Pulo Gadung - Monas,0.0,P00210,RSPAD,-6.175485,106.83674,13,2023-04-10 08:07:57,P00082,Istiqlal,-6.172252,106.83093,16.0,2023-04-10 09:34:23,3500.0,2023-04-10,7.427160663908479,Corridor 2,8,2023-04-10,1007,8.543993958168265,0,409.6444844338771,62.8641966804576
PYDP744W9T08UK,6507536585974874,dki,Calista Lazuardi,F,1989,2,Pulo Gadung - Monas,0.0,P00202,Rawa Selatan,-6.173925,106.85809,9,2023-04-10 17:54:43,P00006,Atrium,-6.176251,106.84023,12.0,2023-04-10 19:50:10,3500.0,2023-04-10,4.409491971482192,Corridor 2,17,2023-04-10,1022,12.27118863603626,1,285.220943448111,77.95254014258904
NMUC796W0S72BB,213109439786494,emoney,Muni Saragih,M,2006,2,Pulo Gadung - Monas,1.0,P00150,Pasar Cempaka Putih,-6.172325,106.86246,7,2023-04-10 18:27:43,P00005,ASMI,-6.171797,106.8888,12.0,2023-04-10 20:23:20,3500.0,2023-04-10,3.8292953183468446,Corridor 2,18,2023-04-10,1008,14.245170453576677,1,245.697305722391,80.85352340826577
LJMS441T7G35IS,3544454385390261,dki,Jarwa Novitasari,M,1996,2,Pulo Gadung - Monas,0.0,P00038,Cempaka Timur,-6.166584,106.87591,5,2023-04-10 21:54:34,P00137,Monas,-6.176248,106.82286,19.0,2023-04-10 23:12:02,3500.0,2023-04-10,0.7460917551174724,Corridor 2,21,2023-04-10,1006,11.727962491247979,1,298.4320594998393,96.26954122441263
XZOZ485X5Q12ML,4348362451721640908,brizzi,Ian Nainggolan,M,1983,2,Pulo Gadung - Monas,1.0,P00063,Gambir 2,-6.178929,106.83106,2,2023-04-10 19:01:27,P00195,Pulo Mas,-6.174736,106.89277,13.0,2023-04-10 20:08:00,3500.0,2023-04-10,5.947321820924086,Corridor 2,19,2023-04-10,1004,10.999421888867179,0,318.1985412835603,70.26339089537957
ASKW287W1B91MN,6507536585974874,dki,Calista Lazuardi,F,1989,2,Pulo Gadung - Monas,1.0,P00014,Bermis,-6.178203,106.89859,14,2023-04-11 09:35:19,P00192,Pulo Gadung 1,-6.183239,106.90907,15.0,2023-04-11 10:43:48,3500.0,2023-04-11,2.131531533436496,Corridor 2,9,2023-04-11,1046,9.624058268468056,1,363.6719461131364,89.34234233281752
TMAA506M5Q66VR,348056817539268,emoney,Ibrahim Padmasari,F,2009,2,Pulo Gadung - Monas,0.0,P00014,Bermis,-6.178203,106.89859,1,2023-04-11 06:28:48,P00137,Monas,-6.176248,106.82286,19.0,2023-04-11 07:49:40,3500.0,2023-04-11,3.6215935250213827,Corridor 2,6,2023-04-11,1049,9.19050667731689,1,380.82775225422097,81.89203237489309
DVBO671G5A61ZL,3544454385390261,dki,Jarwa Novitasari,M,1996,2,Pulo Gadung - Monas,1.0,P00137,Monas,-6.176248,106.82286,0,2023-04-11 06:34:44,P00202,Rawa Selatan,-6.173925,106.85809,6.0,2023-04-11 07:18:18,3500.0,2023-04-11,0.5041329351930268,Corridor 2,6,2023-04-11,1006,14.002180423575163,1,249.96106992787543,97.47933532403486
MZOB483E0A51GA,4348362451721640908,brizzi,Ian Nainggolan,M,1983,2,Pulo Gadung - Monas,0.0,P00210,RSPAD,-6.175485,106.83674,13,2023-04-11 08:25:38,P00082,Istiqlal,-6.172252,106.83093,16.0,2023-04-11 09:40:57,3500.0,2023-04-11,4.972342476188514,Corridor 2,8,2023-04-11,1001,14.404187481025293,1,242.98489620539632,75.13828761905742
DBWM090N1O86GS,6507536585974874,dki,Calista Lazuardi,F,1989,2,Pulo Gadung - Monas,0.0,P00202,Rawa Selatan,-6.173925,106.85809,9,2023-04-11 19:34:47,P00006,Atrium,-6.176251,106.84023,12.0,2023-04-11 20:26:11,3500.0,2023-04-11,1.483678795370263,Corridor 2,19,2023-04-11,1037,8.280950572459354,1,422.65679155726895,92.58160602314868
HDNH566P4S35UD,348056817539268,emoney,Ibrahim Padmasari,F,2009,2,Pulo Gadung - Monas,1.0,P00122,Kwitang,-6.181051,106.83866,3,2023-04-11 17:20:33,P00207,RS Islam,-6.168676,106.87027,9.0,2023-04-11 19:15:55,3500.0,2023-04-11,2.4377952790165205,Corridor 2,17,2023-04-11,1007,14.425911424483209,1,242.6189858659404,87.8110236049174
KHYH446X9U71BY,213109439786494,emoney,Muni Saragih,M,2006,2,Pulo Gadung - Monas,1.0,P00150,Pasar Cempaka Putih,-6.172325,106.86246,7,2023-04-11 20:09:58,P00005,ASMI,-6.171797,106.8888,12.0,2023-04-11 22:06:53,3500.0,2023-04-11,1.5314757674909647,Corridor 2,20,2023-04-11,1017,13.623360884327667,1,256.9116409465747,92.34262116254517
CHIM734K7G74XL,3544454385390261,dki,Jarwa Novitasari,M,1996,2,Pulo Gadung - Monas,0.0,P00038,Cempaka Timur,-6.166584,106.87591,5,2023-04-11 17:54:56,P00137,Monas,-6.176248,106.82286,19.0,2023-04-11 19:31:48,3500.0,2023-04-11,1.0831644065307555,Corridor 2,17,2023-04-11,1043,9.733661855315795,1,359.576904563267,94.58417796734622
CXLN739F0K49NA,4348362451721640908,brizzi,Ian Nainggolan,M,1983,2,Pulo Gadung - Monas,1.0,P00063,Gambir 2,-6.178929,106.83106,2,2023-04-11 18:35:28,P00195,Pulo Mas,-6.174736,106.89277,13.0,2023-04-11 19:40:00,3500.0,2023-04-11,4.244818801649453,Corridor 2,18,2023-04-11,1018,9.756126839922205,1,358.7489233614668,78.77590599175274
KRHN220O2M11OV,6507536585974874,dki,Calista Lazuardi,F,1989,2,Pulo Gadung - Monas,1.0,P00014,Bermis,-6.178203,106.89859,14,2023-04-12 09:42:42,P00192,Pulo Gadung 1,-6.183239,106.90907,15.0,2023-04-12 10:55:20,3500.0,2023-04-12,2.880129124996141,Corridor 2,9,2023-04-12,1013,12.932514590445958,1,270.63568925610684,85.59935437501929
COCP991N8R81AI,348056817539268,emoney,Ibrahim Padmasari,F,2009,2,Pulo Gadung - Monas,0.0,P00014,Bermis,-6.178203,106.89859,1,2023-04-12 08:14:48,P00137,Monas,-6.176248,106.82286,19.0,2023-04-12 10:06:27,3500.0,2023-04-12,0.3532087916089739,Corridor 2,8,2023-04-12,1018,11.734883258756945,1,298.25605613828225,98.23395604195512
LPUJ770A2T16UX,3544454385390261,dki,Jarwa Novitasari,M,1996,2,Pulo Gadung - Monas,1.0,P00137,Monas,-6.176248,106.82286,0,2023-04-12 07:55:02,P00202,Rawa Selatan,-6.173925,106.85809,6.0,2023-04-12 08:26:29,3500.0,2023-04-12,5.505584981370392,Corridor 2,7,2023-04-12,1029,8.999476795468746,0,388.91149780643434,72.47207509314805
GGTN921C0G38QY,4348362451721640908,brizzi,Ian Nainggolan,M,1983,2,Pulo Gadung - Monas,0.0,P00210,RSPAD,-6.175485,106.83674,13,2023-04-12 09:09:51,P00082,Istiqlal,-6.172252,106.83093,16.0,2023-04-12 10:04:49,3500.0,2023-04-12,2.3951344124643126,Corridor 2,9,2023-04-12,1006,8.65384319830245,1,404.44458257419836,88.02432793767844
RGFI597P1D87VH,6507536585974874,dki,Calista Lazuardi,F,1989,2,Pulo Gadung - Monas,0.0,P00202,Rawa Selatan,-6.173925,106.85809,9,2023-04-12 19:04:31,P00006,Atrium,-6.176251,106.84023,12.0,2023-04-12 20:05:54,3500.0,2023-04-12,2.571800080006037,Corridor 2,19,2023-04-12,1011,12.710254090798824,1,275.3682164807163,87.14099959996982
HWDH297R0D65GY,213109439786494,emoney,Muni Saragih,M,2006,2,Pulo Gadung - Monas,1.0,P00150,Pasar Cempaka Putih,-6.172325,106.86246,7,2023-04-12 17:58:49,P00005,ASMI,-6.171797,106.8888,12.0,2023-04-12 19:12:10,3500.0,2023-04-12,2.6651508155697883,Corridor 2,17,2023-04-12,1030,11.553463463065198,1,302.9394615033846,86.67424592215106
OTCA428P7F12EV,3544454385390261,dki,Jarwa Novitasari,M,1996,2,Pulo Gadung - Monas,0.0,P00038,Cempaka Timur,-6.166584,106.87591,5,2023-04-12 17:13:11,P00137,Monas,-6.176248,106.82286,19.0,2023-04-12 18:23:41,3500.0,2023-04-12,1.688955173509446,Corridor 2,17,2023-04-12,1043,12.770112197165625,1,274.0774666628879,91.55522413245276
JLZG508K1W72OW,4348362451721640908,brizzi,Ian Nainggolan,M,1983,2,Pulo Gadung - Monas,1.0,P00063,Gambir 2,-6.178929,106.83106,2,2023-04-12 20:21:50,P00195,Pulo Mas,-6.174736,106.89277,13.0,2023-04-12 21:48:55,3500.0,2023-04-12,3.860975297781339,Corridor 2,20,2023-04-12,1023,10.953865983727827,1,319.5218934757204,80.6951235110933
BTJV825N6S49QW,6507536585974874,dki,Calista Lazuardi,F,1989,2,Pulo Gadung - Monas,1.0,P00014,Bermis,-6.178203,106.89859,14,2023-04-13 09:10:02,P00192,Pulo Gadung 1,-6.183239,106.90907,15.0,2023-04-13 10:15:40,3500.0,2023-04-13,1.770125120137309,Corridor 2,9,2023-04-13,1009,11.084186250186178,1,315.7651740055533,91.14937439931346
SLBE107E4I06UX,213109439786494,emoney,Muni Saragih,M,2006,2,Pulo Gadung - Monas,0.0,P00062,Gambir 1,-6.174612,106.8304,15,2023-04-13 07:00:24,P00082,Istiqlal,-6.172252,106.83093,16.0,2023-04-13 07:23:00,3500.0,2023-04-13,4.008638239149147,Corridor 2,7,2023-04-13,1021,9.869830886793387,1,354.6160050911588,79.95680880425427
BXVQ440U3W24JI,3544454385390261,dki,Jarwa Novitasari,M,1996,2,Pulo Gadung - Monas,1.0,P00137,Monas,-6.176248,106.82286,0,2023-04-13 08:17:45,P00202,Rawa Selatan,-6.173925,106.85809,6.0,2023-04-13 09:53:20,3500.0,2023-04-13,3.919363403338037,Corridor 2,8,2023-04-13,1037,12.058188286182652,1,290.2591929179454,80.40318298330982
OPNG768W8C38LA,4348362451721640908,brizzi,Ian Nainggolan,M,1983,2,Pulo Gadung - Monas,0.0,P00210,RSPAD,-6.175485,106.83674,13,2023-04-13 09:38:59,P00082,Istiqlal,-6.172252,106.83093,16.0,2023-04-13 11:00:32,3500.0,2023-04-13,5.446316207128547,Corridor 2,9,2023-04-13,1002,14.390697726639724,0,243.21266880068515,72.76841896435727
MRZG698Y7K20FO,6507536585974874,dki,Calista Lazuardi,F,1989,2,Pulo Gadung - Monas,0.0,P00202,Rawa Selatan,-6.173925,106.85809,9,2023-04-13 21:52:38,P00006,Atrium,-6.176251,106.84023,12.0,2023-04-13 23:06:44,3500.0,2023-04-13,0.0,Corridor 2,21,2023-04-13,1025,9.057747397692944,1,386.4095394061738,100.0
IMGD850R2N67HR,213109439786494,emoney,Muni Saragih,M,2006,2,Pulo Gadung - Monas,1.0,P00150,Pasar Cempaka Putih,-6.172325,106.86246,7,2023-04-13 21:05:36,P00005,ASMI,-6.171797,106.8888,12.0,2023-04-13 22:03:58,3500.0,2023-04-13,0.7954302859234357,Corridor 2,21,2023-04-13,1042,10.946466920152107,1,319.7378684401456,96.02284857038282
COVJ931D1F43KQ,3544454385390261,dki,Jarwa Novitasari,M,1996,2,Pulo Gadung - Monas,0.0,P00038,Cempaka Timur,-6.166584,106.87591,5,2023-04-13 21:03:14,P00137,Monas,-6.176248,106.82286,19.0,2023-04-13 22:15:01,3500.0,2023-04-13,2.0660436798750244,Corridor 2,21,2023-04-13,1032,12.743615668129571,1,274.6473286033828,89.66978160062487
TQUX867E2W80PQ,4348362451721640908,brizzi,Ian Nainggolan,M,1983,2,Pulo Gadung - Monas,1.0,P00063,Gambir 2,-6.178929,106.83106,2,2023-04-13 21:07:17,P00195,Pulo Mas,-6.174736,106.89277,13.0,2023-04-13 22:08:16,3500.0,2023-04-13,5.011725826839662,Corridor 2,21,2023-04-13,1047,13.088111453059588,0,267.418260652251,74.94137086580169
ZJSY227X0G08OG,6507536585974874,dki,Calista Lazuardi,F,1989,2,Pulo Gadung - Monas,1.0,P00014,Bermis,-6.178203,106.89859,14,2023-04-14 07:42:30,P00192,Pulo Gadung 1,-6.183239,106.90907,15.0,2023-04-14 09:25:45,3500.0,2023-04-14,2.295262019390149,Corridor 2,7,2023-04-14,1009,9.77471191346032,1,358.06681884714226,88.52368990304926
XAIK089E7D31YZ,348056817539268,emoney,Ibrahim Padmasari,F,2009,2,Pulo Gadung - Monas,0.0,P00014,Bermis,-6.178203,106.89859,1,2023-04-14 06:49:09,P00137,Monas,-6.176248,106.82286,19.0,2023-04-14 07:28:36,3500.0,2023-04-14,2.9407851974081027,Corridor 2,6,2023-04-14,1018,13.048756119802242,1,268.22479996300547,85.29607401295948
FHBX757X4W96UP,213109439786494,emoney,Muni Saragih,M,2006,2,Pulo Gadung - Monas,0.0,P00062,Gambir 1,-6.174612,106.8304,15,2023-04-14 07:56:31,P00082,Istiqlal,-6.172252,106.83093,16.0,2023-04-14 08:41:44,3500.0,2023-04-14,1.6009646239724713,Corridor 2,7,2023-04-14,1015,11.280970088034342,1,310.2570056197941,91.99517688013765
IQAT426F6W77ZF,3544454385390261,dki,Jarwa Novitasari,M,1996,2,Pulo Gadung - Monas,1.0,P00137,Monas,-6.176248,106.82286,0,2023-04-14 07:05:09,P00202,Rawa Selatan,-6.173925,106.85809,6.0,2023-04-14 08:31:38,3500.0,2023-04-14,2.4048792731110264,Corridor 2,7,2023-04-14,1001,10.538639040279168,1,332.11119449322035,87.97560363444487
FWUV922J9O87EN,4348362451721640908,brizzi,Ian Nainggolan,M,1983,2,Pulo Gadung - Monas,0.0,P00210,RSPAD,-6.175485,106.83674,13,2023-04-14 08:51:43,P00082,Istiqlal,-6.172252,106.83093,16.0,2023-04-14 10:11:41,3500.0,2023-04-14,5.679882012197326,Corridor 2,8,2023-04-14,1041,11.882461336867346,0,294.5517684236563,71.60058993901337
CZMQ187O9H16FW,6507536585974874,dki,Calista Lazuardi,F,1989,2,Pulo Gadung - Monas,0.0,P00202,Rawa Selatan,-6.173925,106.85809,9,2023-04-14 21:46:30,P00006,Atrium,-6.176251,106.84023,12.0,2023-04-14 22:53:20,3500.0,2023-04-14,6.659552505765966,Corridor 2,21,2023-04-14,1012,12.12770528401241,0,288.5954035025855,66.70223747117018
DRCW074C4U53RL,348056817539268,emoney,Ibrahim Padmasari,F,2009,2,Pulo Gadung - Monas,1.0,P00122,Kwitang,-6.181051,106.83866,3,2023-04-14 17:51:02,P00207,RS Islam,-6.168676,106.87027,9.0,2023-04-14 19:32:41,3500.0,2023-04-14,4.385285898996188,Corridor 2,17,2023-04-14,1032,9.437328003987524,1,370.8676861206007,78.07357050501906
BLYF692B6X69JC,213109439786494,emoney,Muni Saragih,M,2006,2,Pulo Gadung - Monas,1.0,P00150,Pasar Cempaka Putih,-6.172325,106.86246,7,2023-04-14 21:34:14,P00005,ASMI,-6.171797,106.8888,12.0,2023-04-14 22:29:54,3500.0,2023-04-14,0.8309469243204815,Corridor 2,21,2023-04-14,1003,14.764923244201972,1,237.04830307021155,95.8452653783976
VMBB496V8O34TI,3544454385390261,dki,Jarwa Novitasari,M,1996,2,Pulo Gadung - Monas,0.0,P00038,Cempaka Timur,-6.166584,106.87591,5,2023-04-14 21:25:34,P00137,Monas,-6.176248,106.82286,19.0,2023-04-14 22:51:47,3500.0,2023-04-14,7.270414490670859,Corridor 2,21,2023-04-14,1001,12.970777342180554,0,269.83733570216424,63.647927546645704
VTQL705I2C72KI,4348362451721640908,brizzi,Ian Nainggolan,M,1983,2,Pulo Gadung - Monas,1.0,P00063,Gambir 2,-6.178929,106.83106,2,2023-04-14 17:06:29,P00195,Pulo Mas,-6.174736,106.89277,13.0,2023-04-14 18:08:46,3500.0,2023-04-14,4.446422648830278,Corridor 2,17,2023-04-14,1031,14.552246855315673,1,240.51268747695227,77.76788675584861
YBSF797Y0P69DI,6507536585974874,dki,Calista Lazuardi,F,1989,2,Pulo Gadung - Monas,1.0,P00014,Bermis,-6.178203,106.89859,14,2023-04-17 06:27:49,P00192,Pulo Gadung 1,-6.183239,106.90907,15.0,2023-04-17 08:07:53,3500.0,2023-04-17,3.0194437456270897,Corridor 2,6,2023-04-17,1005,9.27425167977453,1,377.3889388437526,84.90278127186455
ABBN869O7I93AW,348056817539268,emoney,Ibrahim Padmasari,F,2009,2,Pulo Gadung - Monas,0.0,P00014,Bermis,-6.178203,106.89859,1,2023-04-17 09:01:00,P00137,Monas,-6.176248,106.82286,19.0,2023-04-17 10:11:27,3500.0,2023-04-17,3.8765595770512724,Corridor 2,9,2023-04-17,1019,9.543192244583382,1,366.7535883484443,80.61720211474363
RTOH209T4H21EV,213109439786494,emoney,Muni Saragih,M,2006,2,Pulo Gadung - Monas,0.0,P00062,Gambir 1,-6.174612,106.8304,15,2023-04-17 09:56:45,P00082,Istiqlal,-6.172252,106.83093,16.0,2023-04-17 11:47:59,3500.0,2023-04-17,4.096119001282785,Corridor 2,9,2023-04-17,1047,8.424644973284812,1,415.44777389418374,79.51940499358608
YXFA973H3N53VU,3544454385390261,dki,Jarwa Novitasari,M,1996,2,Pulo Gadung - Monas,1.0,P00137,Monas,-6.176248,106.82286,0,2023-04-17 09:27:14,P00202,Rawa Selatan,-6.173925,106.85809,6.0,2023-04-17 09:52:09,3500.0,2023-04-17,3.4475319076231923,Corridor 2,9,2023-04-17,1023,9.555130162791007,1,366.29537644913324,82.76234046188404
SWPE224A6K98PY,4348362451721640908,brizzi,Ian Nainggolan,M,1983,2,Pulo Gadung - Monas,0.0,P00210,RSPAD,-6.175485,106.83674,13,2023-04-17 09:34:56,P00082,Istiqlal,-6.172252,106.83093,16.0,2023-04-17 11:07:40,3500.0,2023-04-17,0.7133404178294578,Corridor 2,9,2023-04-17,1040,12.624416047287497,1,277.2405461678377,96.43329791085272
AAHF378I1J30GI,6507536585974874,dki,Calista Lazuardi,F,1989,2,Pulo Gadung - Monas,0.0,P00202,Rawa Selatan,-6.173925,106.85809,9,2023-04-17 17:53:37,P00006,Atrium,-6.176251,106.84023,12.0,2023-04-17 18:54:06,3500.0,2023-04-17,2.525622561721165,Corridor 2,17,2023-04-17,1025,14.7124438905531,1,237.89385543535425,87.37188719139418
ONNW109I2U36ZD,348056817539268,emoney,Ibrahim Padmasari,F,2009,2,Pulo Gadung - Monas,1.0,P00122,Kwitang,-6.181051,106.83866,3,2023-04-17 20:13:15,P00207,RS Islam,-6.168676,106.87027,9.0,2023-04-17 21:46:08,3500.0,2023-04-17,4.5879476954845835,Corridor 2,20,2023-04-17,1025,14.421739251295982,1,242.68917493328547,77.06026152257708
WGRI736Z5Z98UO,213109439786494,emoney,Muni Saragih,M,2006,2,Pulo Gadung - Monas,1.0,P00150,Pasar Cempaka Putih,-6.172325,106.86246,7,2023-04-17 17:58:39,P00005,ASMI,-6.171797,106.8888,12.0,2023-04-17 19:22:04,3500.0,2023-04-17,1.3696492406653524,Corridor 2,17,2023-04-17,1036,10.500030896105173,1,333.33235250748373,93.15175379667323
SWJV772B3Z10HK,3544454385390261,dki,Jarwa Novitasari,M,1996,2,Pulo Gadung - Monas,0.0,P00038,Cempaka Timur,-6.166584,106.87591,5,2023-04-17 20:35:17,P00137,Monas,-6.176248,106.82286,19.0,2023-04-17 21:45:05,3500.0,2023-04-17,2.7263169582498845,Corridor 2,20,2023-04-17,1022,13.174636892084866,1,265.66197069937846,86.36841520875058
WNXW598D5Z24BW,4348362451721640908,brizzi,Ian Nainggolan,M,1983,2,Pulo Gadung - Monas,1.0,P00063,Gambir 2,-6.178929,106.83106,2,2023-04-17 19:42:13,P00195,Pulo Mas,-6.174736,106.89277,13.0,2023-04-17 21:25:35,3500.0,2023-04-17,4.029431826566863,Corridor 2,19,2023-04-17,1028,11.692876196359911,1,299.3275513418656,79.85284086716568
HOHK454P3Z91DS,6507536585974874,dki,Calista Lazuardi,F,1989,2,Pulo Gadung - Monas,1.0,P00014,Bermis,-6.178203,106.89859,14,2023-04-18 07:19:19,P00192,Pulo Gadung 1,-6.183239,106.90907,15.0,2023-04-18 08:48:20,3500.0,2023-04-18,6.520948558017561,Corridor 2,7,2023-04-18,1044,13.19971003906538,0,265.15733979318696,67.39525720991219
EVFM752H4E82DL,348056817539268,emoney,Ibrahim Padmasari,F,2009,2,Pulo Gadung - Monas,0.0,P00014,Bermis,-6.178203,106.89859,1,2023-04-18 07:39:45,P00137,Monas,-6.176248,106.82286,19.0,2023-04-18 08:07:18,3500.0,2023-04-18,2.6590343278198096,Corridor 2,7,2023-04-18,1029,9.158537702645287,1,382.15707721431176,86.70482836090095
AMER436I3Q34WH,213109439786494,emoney,Muni Saragih,M,2006,2,Pulo Gadung - Monas,0.0,P00062,Gambir 1,-6.174612,106.8304,15,2023-04-18 09:39:00,P00082,Istiqlal,-6.172252,106.83093,16.0,2023-04-18 11:06:44,3500.0,2023-04-18,1.7057194448639539,Corridor 2,9,2023-04-18,1025,13.712782885044458,1,255.2363024588683,91.47140277568023
QAMM464P0N20YT,4348362451721640908,brizzi,Ian Nainggolan,M,1983,2,Pulo Gadung - Monas,0.0,P00210,RSPAD,-6.175485,106.83674,13,2023-04-18 06:22:08,P00082,Istiqlal,-6.172252,106.83093,16.0,2023-04-18 07:24:16,3500.0,2023-04-18,3.5026044074784446,Corridor 2,6,2023-04-18,1022,9.778692230470481,1,357.92107139786776,82.48697796260778
PBLH626B2A94LP,6507536585974874,dki,Calista Lazuardi,F,1989,2,Pulo Gadung - Monas,0.0,P00202,Rawa Selatan,-6.173925,106.85809,9,2023-04-18 18:32:28,P00006,Atrium,-6.176251,106.84023,12.0,2023-04-18 19:35:05,3500.0,2023-04-18,1.2337476426654481,Corridor 2,18,2023-04-18,1016,12.18374261041787,1,287.26805152689934,93.83126178667275
KNLJ159Y0K60VT,348056817539268,emoney,Ibrahim Padmasari,F,2009,2,Pulo Gadung - Monas,1.0,P00122,Kwitang,-6.181051,106.83866,3,2023-04-18 20:18:20,P00207,RS Islam,-6.168676,106.87027,9.0,2023-04-18 22:09:45,3500.0,2023-04-18,4.676316721438331,Corridor 2,20,2023-04-18,1040,8.124507921803579,1,430.79532122888577,76.61841639280834
ZHIZ711Z0J49TO,213109439786494,emoney,Muni Saragih,M,2006,2,Pulo Gadung - Monas,1.0,P00150,Pasar Cempaka Putih,-6.172325,106.86246,7,2023-04-18 17:46:26,P00005,ASMI,-6.171797,106.8888,12.0,2023-04-18 19:37:18,3500.0,2023-04-18,0.65009735189772,Corridor 2,17,2023-04-18,1033,10.287627664768191,1,340.2144900700841,96.7495132405114
GOWB998S4Y19QT,3544454385390261,dki,Jarwa Novitasari,M,1996,2,Pulo Gadung - Monas,0.0,P00038,Cempaka Timur,-6.166584,106.87591,5,2023-04-18 17:53:27,P00137,Monas,-6.176248,106.82286,19.0,2023-04-18 18:50:37,3500.0,2023-04-18,3.5656984592131544,Corridor 2,17,2023-04-18,1022,11.91535725858049,1,293.7385698174999,82.17150770393422
WSSM038R5V24HQ,4348362451721640908,brizzi,Ian Nainggolan,M,1983,2,Pulo Gadung - Monas,1.0,P00063,Gambir 2,-6.178929,106.83106,2,2023-04-18 20:31:22,P00195,Pulo Mas,-6.174736,106.89277,13.0,2023-04-18 22:02:22,3500.0,2023-04-18,2.3493229679495373,Corridor 2,20,2023-04-18,1025,13.986398407441012,1,250.24312178451444,88.25338516025232
YWGR098F0R39ET,6507536585974874,dki,Calista Lazuardi,F,1989,2,Pulo Gadung - Monas,1.0,P00014,Bermis,-6.178203,106.89859,14,2023-04-19 06:25:55,P00192,Pulo Gadung 1,-6.183239,106.90907,15.0,2023-04-19 08:14:01,3500.0,2023-04-19,4.19231897639504,Corridor 2,6,2023-04-19,1028,14.9384053628722,1,234.29542276974715,79.0384051180248
PLZV636V1K08RV,348056817539268,emoney,Ibrahim Padmasari,F,2009,2,Pulo Gadung - Monas,0.0,P00014,Bermis,-6.178203,106.89859,1,2023-04-19 06:35:08,P00137,Monas,-6.176248,106.82286,19.0,2023-04-19 08:01:31,3500.0,2023-04-19,0.0,Corridor 2,6,2023-04-19,1040,8.879865958337298,1,394.15009375381993,100.0
MNQT581N8S61AR,213109439786494,emoney,Muni Saragih,M,2006,2,Pulo Gadung - Monas,0.0,P00062,Gambir 1,-6.174612,106.8304,15,2023-04-19 06:50:53,P00082,Istiqlal,-6.172252,106.83093,16.0,2023-04-19 08:21:57,3500.0,2023-04-19,5.2156061336498,Corridor 2,6,2023-04-19,1002,14.752535683520051,0,237.2473502239906,73.921969331751
LBVP463V3G65BJ,3544454385390261,dki,Jarwa Novitasari,M,1996,2,Pulo Gadung - Monas,1.0,P00137,Monas,-6.176248,106.82286,0,2023-04-19 09:53:48,P00202,Rawa Selatan,-6.173925,106.85809,6.0,2023-04-19 11:48:00,3500.0,2023-04-19,2.1060436802412767,Corridor 2,9,2023-04-19,1029,9.372750638094454,1,373.4229294199568,89.46978159879362
DSCB754V4E21WX,4348362451721640908,brizzi,Ian Nainggolan,M,1983,2,Pulo Gadung - Monas,0.0,P00210,RSPAD,-6.175485,106.83674,13,2023-04-19 07:29:06,P00082,Istiqlal,-6.172252,106.83093,16.0,2023-04-19 09:25:15,3500.0,2023-04-19,6.78135470741972,Corridor 2,7,2023-04-19,1016,8.580901558517619,0,407.88254895265777,66.0932264629014
HAFP175I8L28HB,6507536585974874,dki,Calista Lazuardi,F,1989,2,Pulo Gadung - Monas,0.0,P00202,Rawa Selatan,-6.173925,106.85809,9,2023-04-19 17:24:57,P00006,Atrium,-6.176251,106.84023,12.0,2023-04-19 19:02:33,3500.0,2023-04-19,3.5783983271530304,Corridor 2,17,2023-04-19,1002,8.396167959098392,1,416.85683481441947,82.10800836423485
YWNT664M2Z44YV,348056817539268,emoney,Ibrahim Padmasari,F,2009,2,Pulo Gadung - Monas,1.0,P00122,Kwitang,-6.181051,106.83866,3,2023-04-19 17:02:20,P00207,RS Islam,-6.168676,106.87027,9.0,2023-04-19 18:30:05,3500.0,2023-04-19,4.329835058939205,Corridor 2,17,2023-04-19,1038,8.502489331736532,1,411.6441507236995,78.35082470530398
IVUI568R8X18GT,3544454385390261,dki,Jarwa Novitasari,M,1996,2,Pulo Gadung - Monas,0.0,P00038,Cempaka Timur,-6.166584,106.87591,5,2023-04-19 21:19:00,P00137,Monas,-6.176248,106.82286,19.0,2023-04-19 22:10:36,3500.0,2023-04-19,4.398914309374498,Corridor 2,21,2023-04-19,1007,9.464550870511927,1,369.80096022355565,78.00542845312751
CPZE431V4N34ZC,4348362451721640908,brizzi,Ian Nainggolan,M,1983,2,Pulo Gadung - Monas,1.0,P00063,Gambir 2,-6.178929,106.83106,2,2023-04-19 20:03:10,P00195,Pulo Mas,-6.174736,106.89277,13.0,2023-04-19 21:10:38,3500.0,2023-04-19,4.7728127637149615,Corridor 2,20,2023-04-19,1037,9.566131110684358,1,365.87414070573107,76.1359361814252
ENYY832V8D38YS,348056817539268,emoney,Ibrahim Padmasari,F,2009,2,Pulo Gadung - Monas,0.0,P00014,Bermis,-6.178203,106.89859,1,2023-04-20 09:35:00,P00137,Monas,-6.176248,106.82286,19.0,2023-04-20 10:17:29,3500.0,2023-04-20,6.567534352577415,Corridor 2,9,2023-04-20,1000,13.363437059897151,0,261.9086679805814,67.16232823711293
UGYN921S4H06BX,213109439786494,emoney,Muni Saragih,M,2006,2,Pulo Gadung - Monas,0.0,P00062,Gambir 1,-6.174612,106.8304,15,2023-04-20 06:50:20,P00082,Istiqlal,-6.172252,106.83093,16.0,2023-04-20 08:37:19,3500.0,2023-04-20,5.7759765566898285,Corridor 2,6,2023-04-20,1002,12.225195349385752,0,286.2939936723265,71.12011721655085
KSYI200K6U03BG,3544454385390261,dki,Jarwa Novitasari,M,1996,2,Pulo Gadung - Monas,1.0,P00137,Monas,-6.176248,106.82286,0,2023-04-20 09:50:32,P00202,Rawa Selatan,-6.173925,106.85809,6.0,2023-04-20 10:22:24,3500.0,2023-04-20,4.318293478475642,Corridor 2,9,2023-04-20,1022,9.520369353412294,1,367.6327955433293,78.4085326076218
ABTS406O9V87VQ,4348362451721640908,brizzi,Ian Nainggolan,M,1983,2,Pulo Gadung - Monas,0.0,P00210,RSPAD,-6.175485,106.83674,13,2023-04-20 08:16:21,P00082,Istiqlal,-6.172252,106.83093,16.0,2023-04-20 10:04:30,3500.0,2023-04-20,0.8336772725592252,Corridor 2,8,2023-04-20,1034,8.378850405993585,1,417.71840173878377,95.83161363720387
KIDF413T5S97KM,6507536585974874,dki,Calista Lazuardi,F,1989,2,Pulo Gadung - Monas,0.0,P00202,Rawa Selatan,-6.173925,106.85809,9,2023-04-20 17:29:16,P00006,Atrium,-6.176251,106.84023,12.0,2023-04-20 18:58:51,3500.0,2023-04-20,6.242868898265625,Corridor 2,17,2023-04-20,1015,14.195057032993892,0,246.5647014918553,68.78565550867188
VPFV992R4A55QH,348056817539268,emoney,Ibrahim Padmasari,F,2009,2,Pulo Gadung - Monas,1.0,P00122,Kwitang,-6.181051,106.83866,3,2023-04-20 20:55:46,P00207,RS Islam,-6.168676,106.87027,9.0,2023-04-20 22:02:19,3500.0,2023-04-20,3.4759176547933777,Corridor 2,20,2023-04-20,1037,11.606435002386009,1,301.5568518050963,82.62041172603311
DUDW827B4C25NQ,213109439786494,emoney,Muni Saragih,M,2006,2,Pulo Gadung - Monas,1.0,P00150,Pasar Cempaka Putih,-6.172325,106.86246,7,2023-04-20 20:53:15,P00005,ASMI,-6.171797,106.8888,12.0,2023-04-20 22:01:17,3500.0,2023-04-20,3.8266733708352536,Corridor 2,20,2023-04-20,1010,12.014521147696406,1,291.31414868507426,80.86663314582373
MINT963Q8E98QX,3544454385390261,dki,Jarwa Novitasari,M,1996,2,Pulo Gadung - Monas,0.0,P00038,Cempaka Timur,-6.166584,106.87591,5,2023-04-20 17:47:19,P00137,Monas,-6.176248,106.82286,19.0,2023-04-20 18:51:26,3500.0,2023-04-20,1.8709207268315216,Corridor 2,17,2023-04-20,1040,8.402044004154948,1,416.5653022370738,90.64539636584239
SPRO385C3T70MA,4348362451721640908,brizzi,Ian Nainggolan,M,1983,2,Pulo Gadung - Monas,1.0,P00063,Gambir 2,-6.178929,106.83106,2,2023-04-20 20:43:18,P00195,Pulo Mas,-6.174736,106.89277,13.0,2023-04-20 21:44:45,3500.0,2023-04-20,4.462881285317315,Corridor 2,20,2023-04-20,1016,10.49797638152956,1,333.39758757297267,77.68559357341343
RTNK610X0O55IK,6507536585974874,dki,Calista Lazuardi,F,1989,2,Pulo Gadung - Monas,1.0,P00014,Bermis,-6.178203,106.89859,14,2023-04-21 06:01:23,P00192,Pulo Gadung 1,-6.183239,106.90907,15.0,2023-04-21 07:33:18,3500.0,2023-04-21,0.0,Corridor 2,6,2023-04-21,1045,10.490811095794573,1,333.62530008790617,100.0
MAFR406I1E59KP,348056817539268,emoney,Ibrahim Padmasari,F,2009,2,Pulo Gadung - Monas,0.0,P00014,Bermis,-6.178203,106.89859,1,2023-04-21 06:11:29,P00137,Monas,-6.176248,106.82286,19.0,2023-04-21 07:51:40,3500.0,2023-04-21,1.4137133142935783,Corridor 2,6,2023-04-21,1001,10.36940036978983,1,337.5315712755085,92.9314334285321
SFVT926C3B17EB,213109439786494,emoney,Muni Saragih,M,2006,2,Pulo Gadung - Monas,0.0,P00062,Gambir 1,-6.174612,106.8304,15,2023-04-21 06:55:05,P00082,Istiqlal,-6.172252,106.83093,16.0,2023-04-21 07:19:50,3500.0,2023-04-21,4.811896847797059,Corridor 2,6,2023-04-21,1022,11.410549802075966,1,306.7336859932228,75.94051576101471
ECNR537I5O75JU,3544454385390261,dki,Jarwa Novitasari,M,1996,2,Pulo Gadung - Monas,1.0,P00137,Monas,-6.176248,106.82286,0,2023-04-21 06:48:53,P00202,Rawa Selatan,-6.173925,106.85809,6.0,2023-04-21 08:04:52,3500.0,2023-04-21,6.315876129623687,Corridor 2,6,2023-04-21,1016,9.383719152829604,0,372.9864399175455,68.42061935188156
WAVA021C1O64XD,4348362451721640908,brizzi,Ian Nainggolan,M,1983,2,Pulo Gadung - Monas,0.0,P00210,RSPAD,-6.175485,106.83674,13,2023-04-21 07:00:23,P00082,Istiqlal,-6.172252,106.83093,16.0,2023-04-21 07:36:18,3500.0,2023-04-21,4.051978881867532,Corridor 2,7,2023-04-21,1017,12.743760632680182,1,274.6442043979214,79.74010559066234
BREF930F2E18XL,6507536585974874,dki,Calista Lazuardi,F,1989,2,Pulo Gadung - Monas,0.0,P00202,Rawa Selatan,-6.173925,106.85809,9,2023-04-21 20:11:57,P00006,Atrium,-6.176251,106.84023,12.0,2023-04-21 21:09:29,3500.0,2023-04-21,1.3875280314934273,Corridor 2,20,2023-04-21,1033,14.659813137482695,1,238.74792721955535,93.06235984253286
XIJT631H7Q07OU,348056817539268,emoney,Ibrahim Padmasari,F,2009,2,Pulo Gadung - Monas,1.0,P00122,Kwitang,-6.181051,106.83866,3,2023-04-21 21:20:55,P00207,RS Islam,-6.168676,106.87027,9.0,2023-04-21 22:46:52,3500.0,2023-04-21,5.564247389564311,Corridor 2,21,2023-04-21,1006,11.060949827199606,0,316.4285214813351,72.17876305217844
YWQA086L4H53XQ,213109439786494,emoney,Muni Saragih,M,2006,2,Pulo Gadung - Monas,1.0,P00150,Pasar Cempaka Putih,-6.172325,106.86246,7,2023-04-21 20:43:02,P00005,ASMI,-6.171797,106.8888,12.0,2023-04-21 21:49:15,3500.0,2023-04-21,2.8278089589980775,Corridor 2,20,2023-04-21,1039,12.820379802947137,1,273.00283250543197,85.86095520500962
XGTT626H6Q37UK,3544454385390261,dki,Jarwa Novitasari,M,1996,2,Pulo Gadung - Monas,0.0,P00038,Cempaka Timur,-6.166584,106.87591,5,2023-04-21 20:07:11,P00137,Monas,-6.176248,106.82286,19.0,2023-04-21 21:17:40,3500.0,2023-04-21,1.2864533746575588,Corridor 2,20,2023-04-21,1046,11.80027900570907,1,296.6031564428834,93.5677331267122
LYHI072T7W58ZL,4348362451721640908,brizzi,Ian Nainggolan,M,1983,2,Pulo Gadung - Monas,1.0,P00063,Gambir 2,-6.178929,106.83106,2,2023-04-21 17:18:29,P00195,Pulo Mas,-6.174736,106.89277,13.0,2023-04-21 18:34:16,3500.0,2023-04-21,4.834353966507303,Corridor 2,17,2023-04-21,1048,12.946693949015957,1,270.33928613613557,75.82823016746349
ITOH908X9E45FM,6507536585974874,dki,Calista Lazuardi,F,1989,2,Pulo Gadung - Monas,1.0,P00014,Bermis,-6.178203,106.89859,14,2023-04-24 07:43:03,P00192,Pulo Gadung 1,-6.183239,106.90907,15.0,2023-04-24 08:22:31,3500.0,2023-04-24,5.833274681405164,Corridor 2,7,2023-04-24,1006,11.575737348203809,0,302.356549282201,70.83362659297418
HVKT094L0E72AC,348056817539268,emoney,Ibrahim Padmasari,F,2009,2,Pulo Gadung - Monas,0.0,P00014,Bermis,-6.178203,106.89859,1,2023-04-24 07:13:55,P00137,Monas,-6.176248,106.82286,19.0,2023-04-24 08:51:21,3500.0,2023-04-24,2.0818295857534075,Corridor 2,7,2023-04-24,1022,9.081963293338209,1,385.3792277014945,89.59085207123296
PEMW218B0P01ZG,213109439786494,emoney,Muni Saragih,M,2006,2,Pulo Gadung - Monas,0.0,P00062,Gambir 1,-6.174612,106.8304,15,2023-04-24 07:32:45,P00082,Istiqlal,-6.172252,106.83093,16.0,2023-04-24 09:07:04,3500.0,2023-04-24,5.05769224511186,Corridor 2,7,2023-04-24,1006,8.263306827829876,0,423.55924485490465,74.7115387744407
BIMN422V0S16OH,3544454385390261,dki,Jarwa Novitasari,M,1996,2,Pulo Gadung - Monas,1.0,P00137,Monas,-6.176248,106.82286,0,2023-04-24 07:03:58,P00202,Rawa Selatan,-6.173925,106.85809,6.0,2023-04-24 08:05:52,3500.0,2023-04-24,6.113852423590119,Corridor 2,7,2023-04-24,1001,13.620448402184387,0,256.9665767713408,69.43073788204941
GOJV063E5B06JK,6507536585974874,dki,Calista Lazuardi,F,1989,2,Pulo Gadung - Monas,0.0,P00202,Rawa Selatan,-6.173925,106.85809,9,2023-04-24 19:18:02,P00006,Atrium,-6.176251,106.84023,12.0,2023-04-24 21:05:44,3500.0,2023-04-24,3.6297468206773176,Corridor 2,19,2023-04-24,1047,11.479506153068433,1,304.89116459635,81.85126589661341
AHQT674O2V99KL,213109439786494,emoney,Muni Saragih,M,2006,2,Pulo Gadung - Monas,1.0,P00150,Pasar Cempaka Putih,-6.172325,106.86246,7,2023-04-24 19:02:00,P00005,ASMI,-6.171797,106.8888,12.0,2023-04-24 20:31:37,3500.0,2023-04-24,6.047006533012499,Corridor 2,19,2023-04-24,1021,10.719891598328868,0,326.4958388707604,69.76496733493751
LPPC194L4V52JZ,3544454385390261,dki,Jarwa Novitasari,M,1996,2,Pulo Gadung - Monas,0.0,P00038,Cempaka Timur,-6.166584,106.87591,5,2023-04-24 18:15:47,P00137,Monas,-6.176248,106.82286,19.0,2023-04-24 19:13:20,3500.0,2023-04-24,5.76981444630302,Corridor 2,18,2023-04-24,1005,13.452633448383597,0,260.17210782031253,71.1509277684849
HAVX531A3D95AA,6507536585974874,dki,Calista Lazuardi,F,1989,2,Pulo Gadung - Monas,1.0,P00014,Bermis,-6.178203,106.89859,14,2023-04-25 06:52:28,P00192,Pulo Gadung 1,-6.183239,106.90907,15.0,2023-04-25 08:07:45,3500.0,2023-04-25,0.006614737353973332,Corridor 2,6,2023-04-25,1023,13.134047364372599,1,266.48297382375034,99.96692631323013
IDHU763A1I66BM,348056817539268,emoney,Ibrahim Padmasari,F,2009,2,Pulo Gadung - Monas,0.0,P00014,Bermis,-6.178203,106.89859,1,2023-04-25 06:18:34,P00137,Monas,-6.176248,106.82286,19.0,2023-04-25 07:13:47,3500.0,2023-04-25,1.2163244520594627,Corridor 2,6,2023-04-25,1044,8.009787950287686,1,436.9653755782999,93.91837773970269
PRJK231M3D03AQ,213109439786494,emoney,Muni Saragih,M,2006,2,Pulo Gadung - Monas,0.0,P00062,Gambir 1,-6.174612,106.8304,15,2023-04-25 09:47:16,P00082,Istiqlal,-6.172252,106.83093,16.0,2023-04-25 10:52:34,3500.0,2023-04-25,0.0,Corridor 2,9,2023-04-25,1009,14.22748223478914,1,246.00276719669876,100.0
HEWZ243V5O37XE,3544454385390261,dki,Jarwa Novitasari,M,1996,2,Pulo Gadung - Monas,1.0,P00137,Monas,-6.176248,106.82286,0,2023-04-25 06:03:58,P00202,Rawa Selatan,-6.173925,106.85809,6.0,2023-04-25 06:42:39,3500.0,2023-04-25,4.062928464270582,Corridor 2,6,2023-04-25,1021,11.105871562547357,1,315.1486112808245,79.68535767864708
VWRD287K9H15KV,6507536585974874,dki,Calista Lazuardi,F,1989,2,Pulo Gadung - Monas,0.0,P00202,Rawa Selatan,-6.173925,106.85809,9,2023-04-25 17:05:24,P00006,Atrium,-6.176251,106.84023,12.0,2023-04-25 18:22:20,3500.0,2023-04-25,3.546052786451696,Corridor 2,17,2023-04-25,1026,13.882051044578711,1,252.12412695794242,82.26973606774152
HMUM983F6Q44FN,348056817539268,emoney,Ibrahim Padmasari,F,2009,2,Pulo Gadung - Monas,1.0,P00122,Kwitang,-6.181051,106.83866,3,2023-04-25 19:37:46,P00207,RS Islam,-6.168676,106.87027,9.0,2023-04-25 21:26:28,3500.0,2023-04-25,4.421045350505477,Corridor 2,19,2023-04-25,1011,11.731279811129472,1,298.34767019021643,77.89477324747261
SENP558O7I77JX,213109439786494,emoney,Muni Saragih,M,2006,2,Pulo Gadung - Monas,1.0,P00150,Pasar Cempaka Putih,-6.172325,106.86246,7,2023-04-25 17:57:28,P00005,ASMI,-6.171797,106.8888,12.0,2023-04-25 19:17:49,3500.0,2023-04-25,0.0,Corridor 2,17,2023-04-25,1030,11.55774771922944,1,302.82716711118405,100.0
RSSA521D5U08MH,4348362451721640908,brizzi,Ian Nainggolan,M,1983,2,Pulo Gadung - Monas,1.0,P00063,Gambir 2,-6.178929,106.83106,2,2023-04-25 17:18:53,P00195,Pulo Mas,-6.174736,106.89277,13.0,2023-04-25 18:43:39,3500.0,2023-04-25,1.7559955886871321,Corridor 2,17,2023-04-25,1009,13.367752928143698,1,261.8241090191981,91.22002205656435
ZNWI795P9V32GJ,6507536585974874,dki,Calista Lazuardi,F,1989,2,Pulo Gadung - Monas,1.0,P00014,Bermis,-6.178203,106.89859,14,2023-04-26 07:29:52,P00192,Pulo Gadung 1,-6.183239,106.90907,15.0,2023-04-26 08:09:49,3500.0,2023-04-26,2.880767916284517,Corridor 2,7,2023-04-26,1048,14.729775217324526,1,237.6139451119017,85.59616041857741
NPPU594P9B86YR,348056817539268,emoney,Ibrahim Padmasari,F,2009,2,Pulo Gadung - Monas,0.0,P00014,Bermis,-6.178203,106.89859,1,2023-04-26 09:38:43,P00137,Monas,-6.176248,106.82286,19.0,2023-04-26 10:10:59,3500.0,2023-04-26,0.18508410811537512,Corridor 2,9,2023-04-26,1020,14.943825916904608,1,234.21043710371146,99.07457945942312
TTRW387P9Q09WA,213109439786494,emoney,Muni Saragih,M,2006,2,Pulo Gadung - Monas,0.0,P00062,Gambir 1,-6.174612,106.8304,15,2023-04-26 09:56:39,P00082,Istiqlal,-6.172252,106.83093,16.0,2023-04-26 11:15:07,3500.0,2023-04-26,1.568840451919109,Corridor 2,9,2023-04-26,1039,11.34871464933701,1,308.40496991476203,92.15579774040445
OCCD323H7M04KO,3544454385390261,dki,Jarwa Novitasari,M,1996,2,Pulo Gadung - Monas,1.0,P00137,Monas,-6.176248,106.82286,0,2023-04-26 06:47:22,P00202,Rawa Selatan,-6.173925,106.85809,6.0,2023-04-26 07:20:13,3500.0,2023-04-26,3.4255221633299264,Corridor 2,6,2023-04-26,1028,12.219439780336607,1,286.4288431317582,82.87238918335036
SRYU238W6P91IK,4348362451721640908,brizzi,Ian Nainggolan,M,1983,2,Pulo Gadung - Monas,0.0,P00210,RSPAD,-6.175485,106.83674,13,2023-04-26 08:59:08,P00082,Istiqlal,-6.172252,106.83093,16.0,2023-04-26 09:22:15,3500.0,2023-04-26,2.0815451682010386,Corridor 2,8,2023-04-26,1008,13.259566504272346,1,263.96036392835845,89.59227415899481
ZJQD729V1J64WA,6507536585974874,dki,Calista Lazuardi,F,1989,2,Pulo Gadung - Monas,0.0,P00202,Rawa Selatan,-6.173925,106.85809,9,2023-04-26 18:16:21,P00006,Atrium,-6.176251,106.84023,12.0,2023-04-26 19:16:27,3500.0,2023-04-26,1.1149511921891477,Corridor 2,18,2023-04-26,1020,12.887552947932258,1,271.5798735524541,94.42524403905426
VGDO751R6M26UH,213109439786494,emoney,Muni Saragih,M,2006,2,Pulo Gadung - Monas,1.0,P00150,Pasar Cempaka Putih,-6.172325,106.86246,7,2023-04-26 18:23:10,P00005,ASMI,-6.171797,106.8888,12.0,2023-04-26 19:24:38,3500.0,2023-04-26,1.1902745726387158,Corridor 2,18,2023-04-26,1008,13.453625801133192,1,260.15291726823534,94.04862713680642
SGBU768L8V96WF,3544454385390261,dki,Jarwa Novitasari,M,1996,2,Pulo Gadung - Monas,0.0,P00038,Cempaka Timur,-6.166584,106.87591,5,2023-04-26 17:38:08,P00137,Monas,-6.176248,106.82286,19.0,2023-04-26 18:33:41,3500.0,2023-04-26,4.914075305534587,Corridor 2,17,2023-04-26,1035,8.943128627642286,1,391.36192105991427,75.42962347232707
YABV007Z5C25KV,4348362451721640908,brizzi,Ian Nainggolan,M,1983,2,Pulo Gadung - Monas,1.0,P00063,Gambir 2,-6.178929,106.83106,2,2023-04-26 17:38:46,P00195,Pulo Mas,-6.174736,106.89277,13.0,2023-04-26 18:56:53,3500.0,2023-04-26,4.725191542855834,Corridor 2,17,2023-04-26,1021,10.192701793737546,1,343.38294897928046,76.37404228572083
VZXN439K1P73XB,6507536585974874,dki,Calista Lazuardi,F,1989,2,Pulo Gadung - Monas,1.0,P00014,Bermis,-6.178203,106.89859,14,2023-04-27 06:43:25,P00192,Pulo Gadung 1,-6.183239,106.90907,15.0,2023-04-27 07:51:02,3500.0,2023-04-27,5.069939149694683,Corridor 2,6,2023-04-27,1001,13.622071178897848,0,256.9359647321401,74.65030425152659
DAPL727T1I17GN,213109439786494,emoney,Muni Saragih,M,2006,2,Pulo Gadung - Monas,0.0,P00062,Gambir 1,-6.174612,106.8304,15,2023-04-27 07:33:34,P00082,Istiqlal,-6.172252,106.83093,16.0,2023-04-27 09:01:11,3500.0,2023-04-27,4.196823264516998,Corridor 2,7,2023-04-27,1007,13.79216982906436,1,253.76717683858703,79.01588367741502
RCBB814O0G78GV,3544454385390261,dki,Jarwa Novitasari,M,1996,2,Pulo Gadung - Monas,1.0,P00137,Monas,-6.176248,106.82286,0,2023-04-27 09:47:00,P00202,Rawa Selatan,-6.173925,106.85809,6.0,2023-04-27 11:22:33,3500.0,2023-04-27,7.248670500649416,Corridor 2,9,2023-04-27,1011,10.409595377610641,0,336.22824644346264,63.75664749675292
LBDZ994R4J86OQ,4348362451721640908,brizzi,Ian Nainggolan,M,1983,2,Pulo Gadung - Monas,0.0,P00210,RSPAD,-6.175485,106.83674,13,2023-04-27 09:54:00,P00082,Istiqlal,-6.172252,106.83093,16.0,2023-04-27 11:47:10,3500.0,2023-04-27,4.161996365946743,Corridor 2,9,2023-04-27,1022,10.424623168976256,1,335.7435509435029,79.19001817026628
OCHH590P3J87WN,6507536585974874,dki,Calista Lazuardi,F,1989,2,Pulo Gadung - Monas,0.0,P00202,Rawa Selatan,-6.173925,106.85809,9,2023-04-27 21:34:08,P00006,Atrium,-6.176251,106.84023,12.0,2023-04-27 22:46:36,3500.0,2023-04-27,3.445096453182449,Corridor 2,21,2023-04-27,1034,8.69972172864057,1,402.3117186010172,82.77451773408775
ZMTI231D4L89XG,348056817539268,emoney,Ibrahim Padmasari,F,2009,2,Pulo Gadung - Monas,1.0,P00122,Kwitang,-6.181051,106.83866,3,2023-04-27 19:34:16,P00207,RS Islam,-6.168676,106.87027,9.0,2023-04-27 20:39:33,3500.0,2023-04-27,0.0,Corridor 2,19,2023-04-27,1015,13.618473559988654,1,257.0038400106066,100.0
PFVY063L9E04YO,213109439786494,emoney,Muni Saragih,M,2006,2,Pulo Gadung - Monas,1.0,P00150,Pasar Cempaka Putih,-6.172325,106.86246,7,2023-04-27 17:38:19,P00005,ASMI,-6.171797,106.8888,12.0,2023-04-27 19:32:18,3500.0,2023-04-27,0.0,Corridor 2,17,2023-04-27,1021,10.218183933479457,1,342.5266194839569,100.0
MWMV046W6H94MU,3544454385390261,dki,Jarwa Novitasari,M,1996,2,Pulo Gadung - Monas,0.0,P00038,Cempaka Timur,-6.166584,106.87591,5,2023-04-27 17:05:20,P00137,Monas,-6.176248,106.82286,19.0,2023-04-27 18:22:32,3500.0,2023-04-27,3.346833989174047,Corridor 2,17,2023-04-27,1035,13.669313682228347,1,256.0479685640981,83.26583005412976
PZIQ366A2S13GG,4348362451721640908,brizzi,Ian Nainggolan,M,1983,2,Pulo Gadung - Monas,1.0,P00063,Gambir 2,-6.178929,106.83106,2,2023-04-27 17:51:57,P00195,Pulo Mas,-6.174736,106.89277,13.0,2023-04-27 18:52:06,3500.0,2023-04-27,8.182275496214302,Corridor 2,17,2023-04-27,1048,9.397081073213199,0,372.45608213138723,59.08862251892849
HKBM066K7L62FL,6507536585974874,dki,Calista Lazuardi,F,1989,2,Pulo Gadung - Monas,1.0,P00014,Bermis,-6.178203,106.89859,14,2023-04-28 07:18:14,P00192,Pulo Gadung 1,-6.183239,106.90907,15.0,2023-04-28 08:09:09,3500.0,2023-04-28,6.448130413134422,Corridor 2,7,2023-04-28,1000,13.28105486080754,0,263.5332838153178,67.75934793432789
RHQC254W5C93BP,348056817539268,emoney,Ibrahim Padmasari,F,2009,2,Pulo Gadung - Monas,0.0,P00014,Bermis,-6.178203,106.89859,1,2023-04-28 07:45:53,P00137,Monas,-6.176248,106.82286,19.0,2023-04-28 09:35:10,3500.0,2023-04-28,0.537157468651158,Corridor 2,7,2023-04-28,1021,9.356452380251522,1,374.0734049357618,97.3142126567442
XOSY872I7N17MO,3544454385390261,dki,Jarwa Novitasari,M,1996,2,Pulo Gadung - Monas,1.0,P00137,Monas,-6.176248,106.82286,0,2023-04-28 09:16:54,P00202,Rawa Selatan,-6.173925,106.85809,6.0,2023-04-28 10:48:27,3500.0,2023-04-28,0.0,Corridor 2,9,2023-04-28,1014,9.177569672996192,1,381.3645795899862,100.0
ASQS166R9H73WT,4348362451721640908,brizzi,Ian Nainggolan,M,1983,2,Pulo Gadung - Monas,0.0,P00210,RSPAD,-6.175485,106.83674,13,2023-04-28 06:46:18,P00082,Istiqlal,-6.172252,106.83093,16.0,2023-04-28 07:53:41,3500.0,2023-04-28,1.8339660198627556,Corridor 2,6,2023-04-28,1041,12.571292568132789,1,278.4121028948302,90.83016990068623
ELOM942Q4G21FV,6507536585974874,dki,Calista Lazuardi,F,1989,2,Pulo Gadung - Monas,0.0,P00202,Rawa Selatan,-6.173925,106.85809,9,2023-04-28 21:16:39,P00006,Atrium,-6.176251,106.84023,12.0,2023-04-28 22:56:38,3500.0,2023-04-28,4.236853354215431,Corridor 2,21,2023-04-28,1030,10.144132120107281,1,345.02705195079665,78.81573322892285
APMV016Z0V00UK,3544454385390261,dki,Jarwa Novitasari,M,1996,2,Pulo Gadung - Monas,0.0,P00038,Cempaka Timur,-6.166584,106.87591,5,2023-04-28 20:17:10,P00137,Monas,-6.176248,106.82286,19.0,2023-04-28 21:42:43,3500.0,2023-04-28,4.037547496772067,Corridor 2,20,2023-04-28,1005,14.62968654583496,1,239.23957557357525,79.81226251613967
MQLX012E0X45OM,4348362451721640908,brizzi,Ian Nainggolan,M,1983,2,Pulo Gadung - Monas,1.0,P00063,Gambir 2,-6.178929,106.83106,2,2023-04-28 18:14:40,P00195,Pulo Mas,-6.174736,106.89277,13.0,2023-04-28 19:47:25,3500.0,2023-04-28,3.3949242124401673,Corridor 2,18,2023-04-28,1003,13.540286617995921,1,258.4878812940542,83.02537893779916
JHVE226N5K47LD,4403480045787547104,brizzi,Harjasa Januar,M,1967,2,Pulo Gadung - Monas,1.0,P00163,Pedongkelan,-6.167962,106.88246,11,2023-04-09 12:51:53,P00005,ASMI,-6.171797,106.8888,12.0,2023-04-09 14:33:25,3500.0,2023-04-09,4.328748726541,Corridor 2,12,2023-04-09,1031,14.91186070929664,1,234.71249284255737,78.356256367295
OZVE384Z7W07ML,180045201850150,emoney,Ellis Sirait,F,1985,2,Pulo Gadung - Monas,0.0,P00014,Bermis,-6.178203,106.89859,1,2023-04-16 21:04:51,P00202,Rawa Selatan,-6.173925,106.85809,9.0,2023-04-16 22:16:31,3500.0,2023-04-16,3.9874355233054817,Corridor 2,21,2023-04-16,1008,13.194189949665233,1,265.2682743959437,80.0628223834726
ITFW891C3V40BC,3505143514830399,dki,Ir. Almira Mandala,M,1981,2,Pulo Gadung - Monas,1.0,P00007,Balai Kota,-6.180488,106.82646,1,2023-04-16 15:38:44,P00014,Bermis,-6.178203,106.89859,14.0,2023-04-16 15:55:33,3500.0,2023-04-16,3.2900364634073833,Corridor 2,15,2023-04-16,1009,8.043300427462428,1,435.14475575845313,83.54981768296308
QPNV341J8Q13EL,4546580766523,online,"drg. Sadina Mansur, M.Kom.",M,1994,2,Pulo Gadung - Monas,1.0,P00037,Cempaka Tengah,-6.170398,106.86659,8,2023-04-15 16:03:00,P00195,Pulo Mas,-6.174736,106.89277,13.0,2023-04-15 17:51:18,3500.0,2023-04-15,2.012410459672258,Corridor 2,16,2023-04-15,1030,11.149413154429315,1,313.91786738206565,89.9379477016387
XSIG625S8W96WH,38854847237365,bni,Taufik Waskita,M,2003,2,Pulo Gadung - Monas,0.0,P00195,Pulo Mas,-6.174736,106.89277,2,2023-04-22 21:49:50,P00037,Cempaka Tengah,-6.170398,106.86659,7.0,2023-04-22 23:12:03,3500.0,2023-04-22,4.428151241147198,Corridor 2,21,2023-04-22,1024,14.505374325957268,1,241.2898778997226,77.85924379426402
PSZH840G1E89UB,213132884130372,emoney,Dr. Rika Zulaika,F,1992,2,Pulo Gadung - Monas,1.0,P00014,Bermis,-6.178203,106.89859,14,2023-04-22 09:23:57,P00192,Pulo Gadung 1,-6.183239,106.90907,15.0,2023-04-22 10:28:19,3500.0,2023-04-22,0.0,Corridor 2,9,2023-04-22,1018,10.483276182511617,1,333.86509513493127,100.0
NODS131R6P29BY,3538895574758627,dki,Asmuni Damanik,F,1987,2,Pulo Gadung - Monas,0.0,P00005,ASMI,-6.171797,106.8888,3,2023-04-22 08:21:48,P00137,Monas,-6.176248,106.82286,19.0,2023-04-22 09:14:30,3500.0,2023-04-22,5.176062370698961,Corridor 2,8,2023-04-22,1010,9.69399711778002,0,361.04817831857576,74.1196881465052
STMU934T9Z89IZ,6589152382354731,dki,Ade Halimah,M,1982,2,Pulo Gadung - Monas,1.0,P00137,Monas,-6.176248,106.82286,0,2023-04-22 16:15:43,P00038,Cempaka Timur,-6.166584,106.87591,10.0,2023-04-22 17:48:01,3500.0,2023-04-22,6.44504157338362,Corridor 2,16,2023-04-22,1002,11.655912257433634,0,300.27679710507874,67.77479213308189
XATW518R2T15DH,4377787328010,online,Puti Ida Januar,F,2004,2,Pulo Gadung - Monas,0.0,P00210,RSPAD,-6.175485,106.83674,13,2023-04-29 10:41:35,P00097,Juanda,-6.168048,106.83089,17.0,2023-04-29 11:51:13,3500.0,2023-04-29,3.0885140719096156,Corridor 2,10,2023-04-29,1031,10.314207486439994,1,339.33775373448924,84.55742964045191
MMTA357G7G08BO,2473199094095209,dki,Dr. Unggul Permadi,M,1985,2,Pulo Gadung - Monas,1.0,P00038,Cempaka Timur,-6.166584,106.87591,10,2023-04-11 07:08:11,P00195,Pulo Mas,-6.174736,106.89277,13.0,2023-04-11 08:24:07,3500.0,2023-04-11,3.2286907309721102,Corridor 2,7,2023-04-11,1006,9.908353524062536,1,353.23729532865525,83.85654634513945
